STATE ABBREVIATION,D,CANDIDATE NAME (First),CANDIDATE NAME (Last),CANDIDATE NAME(f),CANDIDATE NAME,PARTY,(I),GENERAL VOTES 
AL,01,Bradley,Byrne,bradley byrne,"Byrne, Bradley",R,1,103758
AL,01,Burton R.,LeFlore,burton leflore,"LeFlore, Burton R.",D,0,48278
AL,02,Martha,Roby,martha roby,"Roby, Martha",R,1,113103
AL,02,Erick,Wright,erick wright,"Wright, Erick",D,0,54692
AL,03,Mike,Rogers,mike rogers,"Rogers, Mike",R,1,103558
AL,03,Jesse T.,Smith,jesse smith,"Smith, Jesse T.",D,0,52816
AL,04,Robert,Aderholt,robert aderholt,"Aderholt, Robert",R,1,132831
AL,05,Mo,Brooks,mo brooks,"Brooks, Mo",R,1,115338
AL,05,Mark,Bray,mark bray,"Bray, Mark",OTHER,0,39005
AL,06,Gary,Palmer,gary palmer,"Palmer, Gary",R,0,135945
AL,06,Mark,Lester,mark lester,"Lester, Mark #",D,0,42291
AL,07,Terri A.,Sewell,terri sewell,"Sewell, Terri A.",D,1,133687
AK,00,Don,Young,don young,"Young, Don",R,1,142572
AK,00,Forrest ,Dunbar,forrest dunbar,"Dunbar, Forrest ",D,0,114602
AK,00,Jim C.,McDermott,jim mcdermott,"McDermott, Jim C.",OTHER,0,21290
AS,00,Aumua,Amata,aumua amata,"Amata, Aumua",R,0,4306
AS,00,Eni F. H.,Faleomavaega,eni faleomavaega,"Faleomavaega, Eni F. H.",D,1,3157
AS,00,Togiola,Tulafono,togiola tulafono,"Tulafono, Togiola",D,0,1130
AS,00,Mapu S.,Jamias,mapu jamias,"Jamias, Mapu S.",D,0,652
AS,00,Rosie Fuala'au Tago,Lancaster,rosie lancaster,"Lancaster, Rosie Fuala'au Tago",OTHER,0,268
AS,00,Meleagi,Suitonu-Chapman,meleagi suitonuchapman,"Suitonu-Chapman, Meleagi",D,0,229
AS,00,Tuika,Tuika,tuika tuika,"Tuika, Tuika",OTHER,0,201
AS,00,"Tuā'au Kereti, Jr.",Māta'utia,tuāau mātautia,"Māta'utia, Tuā'au Kereti, Jr.",D,0,160
AS,00,Mark,Ude,mark ude,"Ude, Mark",OTHER,0,143
AZ,01,Ann,Kirkpatrick,ann kirkpatrick,"Kirkpatrick, Ann",D,1,97391
AZ,01,Andy,Tobin,andy tobin,"Tobin, Andy",R,0,87723
AZ,02,Martha ,McSally,martha mcsally,"McSally, Martha ",R,0,109714
AZ,02,Ron,Barber,ron barber,"Barber, Ron",D,1,109547
AZ,02,Sampson U.,Ramirez,sampson ramirez,"Ramirez, Sampson U.",OTHER,0,56
AZ,02,Sydney,Dudikoff,sydney dudikoff,"Dudikoff, Sydney",OTHER,0,48
AZ,03,Raul ,Grijalva,raul grijalva,"Grijalva, Raul ",D,1,58192
AZ,03,Gabby,Saucedo Mercer,gabby saucedo mercer,"Saucedo Mercer, Gabby",R,0,46185
AZ,03,F.,Sánchez,f sánchez,"Sánchez, F.",OTHER,0,43
AZ,03,Lee,Thompson,lee thompson,"Thompson, Lee",OTHER,0,8
AZ,04,Paul,Gosar,paul gosar,"Gosar, Paul",R,1,122560
AZ,04,Mike,Weisser,mike weisser,"Weisser, Mike",D,0,45179
AZ,04,Chris,Rike,chris rike,"Rike, Chris",OTHER,0,7440
AZ,05,Matt,Salmon,matt salmon,"Salmon, Matt",R,1,124867
AZ,05,James,Woods,james woods,"Woods, James",D,0,54596
AZ,06,David ,Schweikert,david schweikert,"Schweikert, David ",R,1,129578
AZ,06,W. John,Williamson,w williamson,"Williamson, W. John",D,0,70198
AZ,07,Ruben,Gallego,ruben gallego,"Gallego, Ruben",D,0,54235
AZ,07,Joe,Cobb,joe cobb,"Cobb, Joe",OTHER,0,10715
AZ,07,Rebecca,DeWitt,rebecca dewitt,"DeWitt, Rebecca",OTHER,0,3858
AZ,07,José,Peñalosa,josé peñalosa,"Peñalosa, José",OTHER,0,3496
AZ,07,Gary,Dunn,gary dunn,"Dunn, Gary",OTHER,0,129
AZ,07,Gustavo,Ortega,gustavo ortega,"Ortega, Gustavo",OTHER,0,17
AZ,07,Samuel,Esquivel,samuel esquivel,"Esquivel, Samuel",OTHER,0,4
AZ,08,Trent,Franks,trent franks,"Franks, Trent",R,1,128710
AZ,08,Stephen,Dolgos,stephen dolgos,"Dolgos, Stephen",OTHER,0,41066
AZ,09,Kyrsten,Sinema,kyrsten sinema,"Sinema, Kyrsten",D,1,88609
AZ,09,Wendy,Rogers,wendy rogers,"Rogers, Wendy",R,0,67841
AZ,09,Powell,Gammill,powell gammill,"Gammill, Powell",OTHER,0,5612
AR,01,Rick ,Crawford,rick crawford,"Crawford, Rick ",R,1,124139
AR,01,Jackie,McPherson,jackie mcpherson,"McPherson, Jackie",D,0,63555
AR,01,Brian Scott,Willhite,brian willhite,"Willhite, Brian Scott",OTHER,0,8562
AR,02,French ,Hill,french hill,"Hill, French ",R,0,123073
AR,02,Patrick Henry,Hays,patrick hays,"Hays, Patrick Henry",D,0,103477
AR,02,Debbie ,Standiford,debbie standiford,"Standiford, Debbie ",OTHER,0,10590
AR,02,Charles,Neely,charles neely,"Neely, Charles",OTHER,0,190
AR,03,Steve,Womack,steve womack,"Womack, Steve",R,1,151630
AR,03,Grant ,Brand,grant brand,"Brand, Grant ",OTHER,0,39305
AR,04,Bruce,Westerman,bruce westerman,"Westerman, Bruce",R,0,110789
AR,04,James Lee,Witt,james witt,"Witt, James Lee",D,0,87742
AR,04,Ken,Hamilton,ken hamilton,"Hamilton, Ken",OTHER,0,7598
AR,04,Janis K.,Percefull,janis percefull,"Percefull, Janis K.",OTHER,0,2
CA,01,Doug,La Malfa,doug la malfa,"La Malfa, Doug",R,1,132052
CA,01,Heidi,Hall,heidi hall,"Hall, Heidi",D,0,84320
CA,02,Jared,Huffman,jared huffman,"Huffman, Jared",D,1,163124
CA,02,Dale K.,Mensing,dale mensing,"Mensing, Dale K.",R,0,54400
CA,03,John,Garamendi,john garamendi,"Garamendi, John",D,1,79224
CA,03,Dan,Logue,dan logue,"Logue, Dan",R,0,71036
CA,04,Tom,McClintock,tom mcclintock,"McClintock, Tom",R,1,126784
CA,04,"Arthur ""Art""",Moore,arthur moore,"Moore, Arthur ""Art""",R,0,84350
CA,05,Mike,Thompson,mike thompson,"Thompson, Mike",D,1,129613
CA,05,James,Hinton,james hinton,"Hinton, James",OTHER,0,41535
CA,06,Doris,Matsui,doris matsui,"Matsui, Doris",D,1,97008
CA,06,"Joseph, Sr.",McCray,joseph mccray,"McCray, Joseph, Sr.",R,0,36448
CA,07,Ami,Bera,ami bera,"Bera, Ami",D,1,92521
CA,07,Doug,Ose,doug ose,"Ose, Doug",R,0,91066
CA,08,Paul,Cook,paul cook,"Cook, Paul",R,1,77480
CA,08,Bob,Conaway,bob conaway,"Conaway, Bob",D,0,37056
CA,09,Jerry,McNerney,jerry mcnerney,"McNerney, Jerry",D,1,63475
CA,09,"Antonio C. ""Tony""",Amador,antonio amador,"Amador, Antonio C. ""Tony""",R,0,57729
CA,10,Jeff,Denham,jeff denham,"Denham, Jeff",R,1,70582
CA,10,Michael,Eggman,michael eggman,"Eggman, Michael",D,0,55123
CA,11,Mark,Desaulnier,mark desaulnier,"Desaulnier, Mark",D,0,117502
CA,11,Tue,Phan,tue phan,"Phan, Tue",R,0,57160
CA,12,Nancy,Pelosi,nancy pelosi,"Pelosi, Nancy",D,1,160067
CA,12,John,Dennis,john dennis,"Dennis, John",R,0,32197
CA,13,Barbara,Lee,barbara lee,"Lee, Barbara",D,1,168491
CA,13,Dakin,Sundeen,dakin sundeen,"Sundeen, Dakin",R,0,21940
CA,14,Jackie,Speier,jackie speier,"Speier, Jackie",D,1,114389
CA,14,Robin,Chew,robin chew,"Chew, Robin",R,0,34757
CA,15,Eric,Swalwell,eric swalwell,"Swalwell, Eric",D,1,99756
CA,15,Hugh,Bussell,hugh bussell,"Bussell, Hugh",R,0,43150
CA,16,Jim,Costa,jim costa,"Costa, Jim",D,1,46277
CA,16,Johnny,Tacherra,johnny tacherra,"Tacherra, Johnny",R,0,44943
CA,17,Mike,Honda,mike honda,"Honda, Mike",D,1,69561
CA,17,Ro,Khanna,ro khanna,"Khanna, Ro",D,0,64847
CA,18,Anna G.,Eshoo,anna eshoo,"Eshoo, Anna G.",D,1,133060
CA,18,Richard B.,Fox,richard fox,"Fox, Richard B.",R,0,63326
CA,19,Zoe,Lofgren,zoe lofgren,"Lofgren, Zoe",D,1,85888
CA,19,Robert,Murray,robert murray,"Murray, Robert",D,0,41900
CA,20,Sam,Farr,sam farr,"Farr, Sam",D,1,106034
CA,20,Ronald Paul,Kabat,ronald kabat,"Kabat, Ronald Paul",OTHER,0,35010
CA,21,David,Valadao,david valadao,"Valadao, David",R,1,45907
CA,21,Amanda,Renteria,amanda renteria,"Renteria, Amanda",D,0,33470
CA,22,Devin G.,Nunes,devin nunes,"Nunes, Devin G.",R,1,96053
CA,22,"Suzanna ""Sam""",Augilera-Marrero,suzanna augileramarrero,"Augilera-Marrero, Suzanna ""Sam""",D,0,37289
CA,23,Kevin,McCarthy,kevin mccarthy,"McCarthy, Kevin",R,1,100317
CA,23,Raul,Garcia,raul garcia,"Garcia, Raul",D,0,33726
CA,24,Lois,Capps,lois capps,"Capps, Lois",D,1,103228
CA,24,Chris,Mitchum,chris mitchum,"Mitchum, Chris",R,0,95566
CA,25,Steve,Knight,steve knight,"Knight, Steve",R,0,60847
CA,25,Tony,Strickland,tony strickland,"Strickland, Tony",R,0,53225
CA,26,Julia,Brownley,julia brownley,"Brownley, Julia",D,1,87176
CA,26,Jeff,Gorell,jeff gorell,"Gorell, Jeff",R,0,82653
CA,27,Judy,Chu,judy chu,"Chu, Judy",D,1,75728
CA,27,Jack,Orswell,jack orswell,"Orswell, Jack",R,0,51852
CA,28,Adam B.,Schiff,adam schiff,"Schiff, Adam B.",D,1,91996
CA,28,Steve,Stokes,steve stokes,"Stokes, Steve",OTHER,0,28268
CA,29,Tony,Cardenas,tony cardenas,"Cardenas, Tony",D,1,50096
CA,29,William O'Callaghan,Leader,william leader,"Leader, William O'Callaghan",R,0,17045
CA,30,Brad,Sherman,brad sherman,"Sherman, Brad",D,1,86568
CA,30,Mark S.,Reed,mark reed,"Reed, Mark S.",R,0,45315
CA,31,Pete,Aguilar,pete aguilar,"Aguilar, Pete",D,0,51622
CA,31,Paul,Chabot,paul chabot,"Chabot, Paul",R,0,48162
CA,32,Grace F.,Napolitano,grace napolitano,"Napolitano, Grace F.",D,1,50353
CA,32,Arturo Enrique,Alas,arturo alas,"Alas, Arturo Enrique",R,0,34053
CA,33,Ted,Lieu,ted lieu,"Lieu, Ted",D,0,108331
CA,33,Elan,Carr,elan carr,"Carr, Elan",R,0,74700
CA,34,Xavier,Becerra,xavier becerra,"Becerra, Xavier",D,1,44697
CA,34,Adrienne Nicole,Edwards,adrienne edwards,"Edwards, Adrienne Nicole",D,0,16924
CA,35,Norma J.,Torres,norma torres,"Torres, Norma J.",D,0,39502
CA,35,Christina,Gagnier,christina gagnier,"Gagnier, Christina",D,0,22753
CA,36,Raul,Ruiz,raul ruiz,"Ruiz, Raul",D,1,72682
CA,36,Brian,Nestande,brian nestande,"Nestande, Brian",R,0,61457
CA,37,Karen,Bass,karen bass,"Bass, Karen",D,1,96787
CA,37,R. Adam,King,r king,"King, R. Adam",R,0,18051
CA,38,Linda T.,Sanchez,linda sanchez,"Sanchez, Linda T.",D,1,58192
CA,38,Benjamin,Campos,benjamin campos,"Campos, Benjamin",R,0,40288
CA,39,Ed,Royce,ed royce,"Royce, Ed",R,1,91319
CA,39,Peter O.,Anderson,peter anderson,"Anderson, Peter O.",D,0,41906
CA,40,Lucille,Roybal-Allard,lucille roybalallard,"Roybal-Allard, Lucille",D,1,30208
CA,40,David,Sanchez,david sanchez,"Sanchez, David",D,0,19171
CA,41,Mark,Takano,mark takano,"Takano, Mark",D,1,46948
CA,41,Steve,Adams,steve adams,"Adams, Steve",R,0,35936
CA,42,Ken,Calvert,ken calvert,"Calvert, Ken",R,1,74540
CA,42,Tim,Sheridan,tim sheridan,"Sheridan, Tim",D,0,38850
CA,43,Maxine,Waters,maxine waters,"Waters, Maxine",D,1,69681
CA,43,"John, Jr.",Wood,john wood,"Wood, John, Jr.",R,0,28521
CA,44,Janice,Hahn,janice hahn,"Hahn, Janice",D,1,59670
CA,44,Adam,Shbeita,adam shbeita,"Shbeita, Adam",OTHER,0,9192
CA,45,Mimi,Walters,mimi walters,"Walters, Mimi",R,0,106083
CA,45,Drew E.,Leavens,drew leavens,"Leavens, Drew E.",D,0,56819
CA,46,Loretta,Sanchez,loretta sanchez,"Sanchez, Loretta",D,1,49738
CA,46,Adam,Nick,adam nick,"Nick, Adam",R,0,33577
CA,47,Alan,Lowenthal,alan lowenthal,"Lowenthal, Alan",D,1,69091
CA,47,Andy,Whallon,andy whallon,"Whallon, Andy",R,0,54309
CA,48,Dana,Rohrabacher,dana rohrabacher,"Rohrabacher, Dana",R,1,112082
CA,48,Suzanne Joyce,Savary,suzanne savary,"Savary, Suzanne Joyce",D,0,62713
CA,49,Darrell,Issa,darrell issa,"Issa, Darrell",R,1,98161
CA,49,Dave,Peiser,dave peiser,"Peiser, Dave",D,0,64981
CA,50,Duncan D.,Hunter,duncan hunter,"Hunter, Duncan D.",R,1,111997
CA,50,James H.,Kimber,james kimber,"Kimber, James H.",D,0,45302
CA,51,Juan,Vargas,juan vargas,"Vargas, Juan",D,1,56373
CA,51,Stephen,Meade,stephen meade,"Meade, Stephen",R,0,25577
CA,52,Scott,Peters,scott peters,"Peters, Scott",D,1,98826
CA,52,Carl,DeMaio,carl demaio,"DeMaio, Carl",R,0,92746
CA,53,Susan A.,Davis,susan davis,"Davis, Susan A.",D,1,87104
CA,53,Larry A.,Wilske,larry wilske,"Wilske, Larry A.",R,0,60940
CO,01,Diana,DeGette,diana degette,"DeGette, Diana",D,1,183281
CO,01,Martin,Walsh,martin walsh,"Walsh, Martin",R,0,80682
CO,01,Frank,Atwood,frank atwood,"Atwood, Frank",OTHER,0,9292
CO,01,Danny E.,Stroud,danny stroud,"Stroud, Danny E.",OTHER,0,5236
CO,01,Daniel,Kirschler,daniel kirschler,"Kirschler, Daniel",OTHER,0,2
CO,01,Logan,Blackburn,logan blackburn,"Blackburn, Logan",OTHER,0,1
CO,02,Jared,Polis,jared polis,"Polis, Jared",D,1,196300
CO,02,George,Leing,george leing,"Leing, George",R,0,149645
CO,03,Scott R.,Tipton,scott tipton,"Tipton, Scott R.",R,1,163011
CO,03,Abel J.,Tapia,abel tapia,"Tapia, Abel J.",D,0,100364
CO,03,Tisha T.,Casida,tisha casida,"Casida, Tisha T.",OTHER,0,11294
CO,03,Travis,Mero,travis mero,"Mero, Travis",OTHER,0,6472
CO,04,Ken,Buck,ken buck,"Buck, Ken",R,0,185292
CO,04,Vic,Meyers,vic meyers,"Meyers, Vic",D,0,83727
CO,04,Jess,Loban,jess loban,"Loban, Jess",OTHER,0,9472
CO,04,Grant,Doherty,grant doherty,"Doherty, Grant",OTHER,0,8016
CO,05,Doug,Lamborn,doug lamborn,"Lamborn, Doug",R,1,157182
CO,05,Irv,Halter,irv halter,"Halter, Irv",D,0,105673
CO,06,Mike,Coffman,mike coffman,"Coffman, Mike",R,1,143467
CO,06,Andrew,Romanoff,andrew romanoff,"Romanoff, Andrew",D,0,118847
CO,06,Norm,Olsen,norm olsen,"Olsen, Norm",OTHER,0,8623
CO,06,Gary,Swing,gary swing,"Swing, Gary",OTHER,0,5503
CO,07,Ed,Perlmutter,ed perlmutter,"Perlmutter, Ed",D,1,148225
CO,07,Don,Ytterberg,don ytterberg,"Ytterberg, Don",R,0,120918
CT,01,John B.,Larson,john larson,"Larson, John B.",D,1,127430
CT,01,John B.,Larson,john larson,"Larson, John B.",OTHER,0,8395
CT,01,Matthew M.,Corey,matthew corey,"Corey, Matthew M.",R,0,78609
CT,01,Jeffery,Russell,jeffery russell,"Russell, Jeffery",OTHER,0,3447
CT,02,Joe,Courtney,joe courtney,"Courtney, Joe",D,1,131294
CT,02,Joe,Courtney,joe courtney,"Courtney, Joe",OTHER,0,10654
CT,02,Lori,Hopkins-Cavanagh,lori hopkinscavanagh,"Hopkins-Cavanagh, Lori",R,0,80837
CT,02,William C.,Clyde,william clyde,"Clyde, William C.",OTHER,0,2549
CT,02,Daniel ,Reale,daniel reale,"Reale, Daniel ",OTHER,0,2602
CT,03,Rosa L.,DeLauro,rosa delauro,"DeLauro, Rosa L.",D,1,130009
CT,03,Rosa L.,DeLauro,rosa delauro,"DeLauro, Rosa L.",OTHER,0,10476
CT,03,James E.,Brown,james brown,"Brown, James E.",R,0,69454
CT,04,Jim,Himes,jim himes,"Himes, Jim",D,1,101401
CT,04,Jim,Himes,jim himes,"Himes, Jim",OTHER,0,5472
CT,04,Dan,Debicella,dan debicella,"Debicella, Dan",R,0,88209
CT,04,Dan,Debicella,dan debicella,"Debicella, Dan",OTHER,0,3713
CT,04,Stephen A.,Miller,stephen miller,"Miller, Stephen A.",OTHER,0,3
CT,04,Sophie E.,Pastore,sophie pastore,"Pastore, Sophie E.",OTHER,0,2
CT,05,Elizabeth,Esty,elizabeth esty,"Esty, Elizabeth",D,1,106256
CT,05,Elizabeth,Esty,elizabeth esty,"Esty, Elizabeth",OTHER,0,7308
CT,05,John J.,Pistone,john pistone,"Pistone, John J.",OTHER,0,1970
CT,05,Mark,Greenberg,mark greenberg,"Greenberg, Mark",R,0,92404
CT,05,Mark,Greenberg,mark greenberg,"Greenberg, Mark",OTHER,0,5363
DE,00,"John C., Jr.",Carney,john carney,"Carney, John C., Jr.",D,1,137251
DE,00,Rose,Izzo,rose izzo,"Izzo, Rose",R,0,85146
DE,00,Bernard,August,bernard august,"August, Bernard",OTHER,0,4801
DE,00,Scott,Gesty,scott gesty,"Gesty, Scott",OTHER,0,4419
DC,00,Eleanor H.,Norton,eleanor norton,"Norton, Eleanor H.",D,1,143923
DC,00,Nelson F.,Rimensnyder,nelson rimensnyder,"Rimensnyder, Nelson F.",R,0,11673
DC,00,Timothy J.,Krepp,timothy krepp,"Krepp, Timothy J.",OTHER,0,9101
DC,00,Natale Lino,Stracuzzi,natale stracuzzi,"Stracuzzi, Natale Lino",OTHER,0,6073
DC,00,Sara Jane ,Panfil,sara panfil,"Panfil, Sara Jane #",OTHER,0,#
FL,01,Jeff,Miller,jeff miller,"Miller, Jeff",R,1,165086
FL,01,Jim,Bryan,jim bryan,"Bryan, Jim",D,0,54976
FL,01,Mark,Wichern,mark wichern,"Wichern, Mark",OTHER,0,15281
FL,02,Gwen,Graham,gwen graham,"Graham, Gwen",D,0,126096
FL,02,Steve,Southerland,steve southerland,"Southerland, Steve",R,1,123262
FL,02,Luther ,Lee,luther lee,"Lee, Luther ",OTHER,0,422
FL,03,Ted,Yoho,ted yoho,"Yoho, Ted",R,1,148691
FL,03,Marihelen,Wheeler,marihelen wheeler,"Wheeler, Marihelen",D,0,73910
FL,03,Howard Term Limits,Lawson,howard lawson,"Lawson, Howard Term Limits",OTHER,0,6208
FL,04,Ander,Crenshaw,ander crenshaw,"Crenshaw, Ander",R,1,177887
FL,04,Paula ,Moser-Bartlett,paula moserbartlett,"Moser-Bartlett, Paula ",OTHER,0,35663
FL,04,Gary L.,Koniz,gary koniz,"Koniz, Gary L.",OTHER,0,13690
FL,04,Deborah Katz,Pueschel,deborah pueschel,"Pueschel, Deborah Katz",OTHER,0,13
FL,05,Corrine ,Brown,corrine brown,"Brown, Corrine ",D,1,112340
FL,05,Glo,Smith,glo smith,"Smith, Glo",R,0,59237
FL,06,Ron,DeSantis,ron desantis,"DeSantis, Ron",R,1,166254
FL,06,David,Cox,david cox,"Cox, David",D,0,99563
FL,07,John  ,Mica,john mica,"Mica, John  ",R,1,144474
FL,07,Wes,Neuman,wes neuman,"Neuman, Wes",D,0,73011
FL,07,Al,Krulick,al krulick,"Krulick, Al",OTHER,0,9679
FL,08,Bill,Posey,bill posey,"Posey, Bill",R,1,180728
FL,08,Gabriel,Rothblatt,gabriel rothblatt,"Rothblatt, Gabriel",D,0,93724
FL,08,"Christopher L., Jr",Duncan,christopher duncan,"Duncan, Christopher L., Jr",OTHER,0,61
FL,09,Alan,Grayson,alan grayson,"Grayson, Alan",D,1,93850
FL,09,Carol ,Platt,carol platt,"Platt, Carol ",R,0,74963
FL,09,Marko,Milakovich,marko milakovich,"Milakovich, Marko",OTHER,0,5060
FL,09,Leon Leo,Ray,leon ray,"Ray, Leon Leo",OTHER,0,5
FL,10,Daniel ,Webster,daniel webster,"Webster, Daniel ",R,1,143128
FL,10,Michael,McKenna,michael mckenna,"McKenna, Michael",D,0,89426
FL,10,David B.,Falstad,david falstad,"Falstad, David B.",OTHER,0,20
FL,11,"Richard B. ""Rich""",Nugent,richard nugent,"Nugent, Richard B. ""Rich""",R,1,181508
FL,11,Dave ,Koller,dave koller,"Koller, Dave ",D,0,90786
FL,12,Gus Michael,Bilirakis,gus bilirakis,"Bilirakis, Gus Michael",R,1,Unopposed
FL,13,David W.,Jolly,david jolly,"Jolly, David W.",R,1,168172
FL,13,Lucas,Overby,lucas overby,"Overby, Lucas",OTHER,0,55318
FL,13,Michael Stephen,Levinson,michael levinson,"Levinson, Michael Stephen",OTHER,0,86
FL,14,Kathy ,Castor,kathy castor,"Castor, Kathy ",D,1,Unopposed
FL,15,Dennis A.,Ross,dennis ross,"Ross, Dennis A.",R,1,128750
FL,15,Alan M.,Cohn,alan cohn,"Cohn, Alan M.",D,0,84832
FL,16,Vern,Buchanan,vern buchanan,"Buchanan, Vern",R,1,169126
FL,16,Henry ,Lawrence,henry lawrence,"Lawrence, Henry ",D,0,105483
FL,16,Joe,Newman,joe newman,"Newman, Joe",OTHER,0,220
FL,17,Tom,Rooney,tom rooney,"Rooney, Tom",R,1,141493
FL,17,Will,Bronson,will bronson,"Bronson, Will",D,0,82263
FL,18,Patrick ,Murphy,patrick murphy,"Murphy, Patrick ",D,1,151478
FL,18,Carl J.,Domino,carl domino,"Domino, Carl J.",R,0,101896
FL,19,Curt ,Clawson,curt clawson,"Clawson, Curt ",R,1,159354
FL,19,April,Freeman,april freeman,"Freeman, April",D,0,80824
FL,19,Ray ,Netherwood,ray netherwood,"Netherwood, Ray ",OTHER,0,6671
FL,19,Timothy J.,Rossano,timothy rossano,"Rossano, Timothy J.",OTHER,0,12
FL,20,Alcee L.,Hasting,alcee hasting,"Hastings, Alcee L.",D,1,128498
FL,20,Jay,Bonner,jay bonner,"Bonner, Jay",R,0,28968
FL,21,Ted,Deutch,ted deutch,"Deutch, Ted",D,1,153395
FL,21,W. Michael,Trout,w trout,"Trout, W. Michael",OTHER,0,575
FL,22,Lois,Frankel,lois frankel,"Frankel, Lois",D,1,125404
FL,22,Paul,Spain,paul spain,"Spain, Paul",R,0,90685
FL,22,Raymond,Schamis,raymond schamis,"Schamis, Raymond",OTHER,0,7
FL,23,Debbie Wasserman,Schultz,debbie schultz,"Schultz, Debbie Wasserman",D,1,103269
FL,23,"Joseph ""Joe""",Kaufman,joseph kaufman,"Kaufman, Joseph ""Joe""",R,0,61519
FL,24,Frederica S.,Wilson,frederica wilson,"Wilson, Frederica S.",D,1,129192
FL,24,Dufirstson Julio ,Neree,dufirstson neree,"Neree, Dufirstson Julio ",R,0,15239
FL,24,Luis E.,Fernandez,luis fernandez,"Fernandez, Luis E.",OTHER,0,5487
FL,25,Mario,Diaz-Balart,mario diazbalart,"Diaz-Balart, Mario",R,1,Unopposed
FL,26,Carlos ,Curbelo,carlos curbelo,"Curbelo, Carlos ",R,0,83031
FL,26,Joe,Garcia,joe garcia,"Garcia, Joe",D,1,78306
FL,27,Ileana ,Ros-Lehtinen,ileana roslehtinen,"Ros-Lehtinen, Ileana ",R,1,Unopposed
GA,01,"E. L. ""Buddy""",Carter,e carter,"Carter, E. L. ""Buddy""",R,0,95337
GA,01,Brian Corwin,Reese,brian reese,"Reese, Brian Corwin",D,0,61175
GA,02,Sanford D.,Bishop,sanford bishop,"Bishop, Sanford D.",D,1,96363
GA,02,"Gregory P. ""Greg""",Duke,gregory duke,"Duke, Gregory P. ""Greg""",R,0,66537
GA,03,Lynn Acton,Westmoreland,lynn westmoreland,"Westmoreland, Lynn Acton",R,1,156277
GA,04,"Henry C. ""Hank,"" Jr.",Johnson,henry johnson,"Johnson, Henry C. ""Hank,"" Jr.",D,1,161211
GA,04,Raymond L.,Davis,raymond davis,"Davis, Raymond L.",OTHER,0,109
GA,05,John R.,Lewis,john lewis,"Lewis, John R.",D,1,170326
GA,06,"Thomas E. ""Tom""",Price,thomas price,"Price, Thomas E. ""Tom""",R,1,139018
GA,06,Robert G.,Montigel,robert montigel,"Montigel, Robert G.",D,0,71486
GA,07,"William Robert ""Rob""",Woodall,william woodall,"Woodall, William Robert ""Rob""",R,1,113557
GA,07,Thomas Dee,Wight,thomas wight,"Wight, Thomas Dee",D,0,60112
GA,08,James Austin,Scott,james scott,"Scott, James Austin",R,1,129938
GA,08,Ronald L.,Cain,ronald cain,"Cain, Ronald L.",OTHER,0,119
GA,09,"Douglas Allen ""Doug""",Collins,douglas collins,"Collins, Douglas Allen ""Doug""",R,1,146059
GA,09,David Donald,Vogel,david vogel,"Vogel, David Donald",D,0,34988
GA,10,Jody B.,Hice,jody hice,"Hice, Jody B.",R,0,130703
GA,10,"Ivory Kenneth ""Ken""",Dious,ivory dious,"Dious, Ivory Kenneth ""Ken""",D,0,65777
GA,11,Barry D.,Loudermilk,barry loudermilk,"Loudermilk, Barry D.",R,0,161532
GA,12,"Richard ""Rick""",Allen,richard allen,"Allen, Richard ""Rick""",R,0,91336
GA,12,John Jenkins,Barrow,john barrow,"Barrow, John Jenkins",D,1,75478
GA,13,David Albert,Scott,david scott,"Scott, David Albert",D,1,159445
GA,14,"John Thomas ""Tom""",Graves,john graves,"Graves, John Thomas ""Tom""",R,1,118782
GU,00,Madeleine Z.,Bordallo,madeleine bordallo,"Bordallo, Madeleine Z.",D,1,20693
GU,00,Margaret G.,Metcalfe,margaret metcalfe,"Metcalfe, Margaret G.",R,0,14956
HI,01,Mark,Takai,mark takai,"Takai, Mark",D,0,93390
HI,01,Charles,Djou,charles djou,"Djou, Charles",R,0,86454
HI,02,Tulsi,Gabbard,tulsi gabbard,"Gabbard, Tulsi",D,1,142010
HI,02,Kawika,Crowley,kawika crowley,"Crowley, Kawika",R,0,33630
HI,02,Joe,Kent,joe kent,"Kent, Joe",OTHER,0,4693
ID,01,Raul R.,Labrador,raul labrador,"Labrador, Raul R.",R,1,143580
ID,01,Reed C.,McCandless,reed mccandless,"McCandless, Reed C.",OTHER,0,7
ID,01,Shirley G.,Ringo,shirley ringo,"Ringo, Shirley G.",D,0,77277
ID,02,Mike,Simpson,mike simpson,"Simpson, Mike",R,1,131492
ID,02,Richard ,Stallings,richard stallings,"Stallings, Richard ",D,0,82801
IL,01,Bobby L.,Rush,bobby rush,"Rush, Bobby L.",D,1,162268
IL,01,Jimmy Lee,Tillman,jimmy tillman,"Tillman, Jimmy Lee",R,0,59749
IL,02,Robin ,Kelly,robin kelly,"Kelly, Robin ",D,1,160337
IL,02,Eric M.,Wallace,eric wallace,"Wallace, Eric M.",R,0,43799
IL,02,Marcus,Lewis,marcus lewis,"Wallace, Marcus",OTHER,0,130
IL,03,Daniel William ,Lipinski,daniel lipinski,"Lipinski, Daniel William ",D,1,116764
IL,03,Sharon M.,Brannigan,sharon brannigan,"Brannigan, Sharon M.",R,0,64091
IL,04,Luis V.,Gutierrez,luis gutierrez,"Gutierrez, Luis V.",D,1,79666
IL,04,Hector ,Concepcion,hector concepcion,"Concepcion, Hector ",R,0,22278
IL,05,Mike,Quigley,mike quigley,"Quigley, Mike",D,1,116364
IL,05,Vince,Kolber,vince kolber,"Kolber, Vince",R,0,56350
IL,05,Nancy ,Wade,nancy wade,"Wade, Nancy ",OTHER,0,11305
IL,06,Peter J. ,Roskam,peter roskam,"Roskam, Peter J. ",R,1,160287
IL,06,Michael,Mason,michael mason,"Mason, Michael",D,0,78465
IL,07,Danny K.,Davis,danny davis,"Davis, Danny K.",D,1,155110
IL,07,Robert L. ,Bumpers,robert bumpers,"Bumpers, Robert L. ",R,0,27168
IL,08,Tammy,Duckworth,tammy duckworth,"Duckworth, Tammy",D,1,84178
IL,08,Larry,Kaifesh,larry kaifesh,"Kaifesh, Larry",R,0,66878
IL,09,Janice D.,Schakowsky,janice schakowsky,"Schakowsky, Janice D.",D,1,141000
IL,09,Susanne,Atanus,susanne atanus,"Atanus, Susanne",R,0,72384
IL,09,Phil,Collins,phil collins,"Collins, Phil",OTHER,0,66
IL,10,Robert,Dold,robert dold,"Dold, Robert",R,0,95992
IL,10,Brad,Schneider,brad schneider,"Schneider, Brad",D,1,91136
IL,11,Bill ,Foster,bill foster,"Foster, Bill ",D,1,93436
IL,11,Darlene,Senger,darlene senger,"Senger, Darlene",R,0,81335
IL,11,"Constant ""Connor""",Vlakancic,constant vlakancic,"Vlakancic, Constant ""Connor""",OTHER,0,1
IL,12,Mike,Bost,mike bost,"Bost, Mike",R,0,110038
IL,12,"William L. ""Bill"" ",Enyart,william enyart,"Enyart, William L. ""Bill"" ",D,1,87860
IL,12,Paula,Bradshaw,paula bradshaw,"Bradshaw, Paula",OTHER,0,11840
IL,13,Rodney,Davis,rodney davis,"Davis, Rodney",R,1,123337
IL,13,Ann E.,Callis,ann callis,"Callis, Ann E.",D,0,86935
IL,14,"Randall M. ""Randy"" ",Hultgren,randall hultgren,"Hultgren, Randall M. ""Randy"" ",R,1,145369
IL,14,Dennis,Anderson,dennis anderson,"Anderson, Dennis",D,0,76861
IL,15,John M.,Shimkus,john shimkus,"Shimkus, John M.",R,1,166274
IL,15,Eric,Thorsland,eric thorsland,"Thorsland, Eric",D,0,55652
IL,16,Adam ,Kinzinger,adam kinzinger,"Kinzinger, Adam ",R,1,153388
IL,16,Randall Wayne ,Olsen,randall olsen,"Olsen, Randall Wayne ",D,0,63810
IL,17,Cheri ,Bustos,cheri bustos,"Bustos, Cheri ",D,1,110560
IL,17,Bobby,Schilling,bobby schilling,"Schilling, Bobby",R,0,88785
IL,17,Bill,Fawell,bill fawell,"Fawell, Bill",OTHER,0,16
IL,18,Aaron ,Schock,aaron schock,"Schock, Aaron ",R,1,184363
IL,18,Darrel,Miller,darrel miller,"Miller, Darrel",D,0,62377
IN,01,Peter J.,Visclosky,peter visclosky,"Visclosky, Peter J.",D,1,86579
IN,01,Mark ,Leyva,mark leyva,"Leyva, Mark ",R,0,51000
IN,01,Donna T.,Dunn,donna dunn,"Dunn, Donna T.",OTHER,0,4714
IN,02,Jackie,Walorski,jackie walorski,"Walorski, Jackie",R,1,85583
IN,02,Joe,Bock,joe bock,"Bock, Joe",D,0,55590
IN,02,Jeff,Petermann,jeff petermann,"Petermann, Jeff",OTHER,0,4027
IN,03,Marlin A.,Stutzman,marlin stutzman,"Stutzman, Marlin A.",R,1,102889
IN,03,Justin ,Kuhnle,justin kuhnle,"Kuhnle, Justin ",D,0,39771
IN,03,Scott,Wise,scott wise,"Wise, Scott",OTHER,0,6133
IN,04,Todd,Rokita,todd rokita,"Rokita, Todd",R,1,94998
IN,04,John ,Dale,john dale,"Dale, John ",D,0,47056
IN,05,Susan ,Brooks,susan brooks,"Brooks, Susan ",R,1,105277
IN,05,Shawn A.,Denney,shawn denney,"Denney, Shawn A.",D,0,49756
IN,05,John,Krom,john krom,"Krom, John",OTHER,0,6407
IN,06,Luke,Messer,luke messer,"Messer, Luke",R,1,102187
IN,06,Susan Hall,Heitzman,susan heitzman,"Heitzman, Susan Hall",D,0,45509
IN,06,Eric,Miller,eric miller,"Miller, Eric",OTHER,0,7375
IN,07,André ,Carson,andré carson,"Carson, André ",D,1,61443
IN,07,Catherine (Cat),Ping,catherine ping,"Ping, Catherine (Cat)",R,0,46887
IN,07,Chris,Mayo,chris mayo,"Mayo, Chris",OTHER,0,3931
IN,08,Larry D.,Bucshon,larry bucshon,"Bucshon, Larry D.",R,1,103344
IN,08,Tom ,Spangler,tom spangler,"Spangler, Tom ",D,0,61384
IN,08,Andrew,Horning,andrew horning,"Horning, Andrew",OTHER,0,6587
IN,09,Todd,Young,todd young,"Young, Todd",R,1,101594
IN,09,Bill,Bailey,bill bailey,"Bailey, Bill",D,0,55016
IN,09,R. Mike,Frey,r frey,"Frey, R. Mike",OTHER,0,5777
IA,01,Rod,Blum,rod blum,"Blum, Rod",R,0,147762
IA,01,Pat,Murphy,pat murphy,"Murphy, Pat",D,0,141145
IA,02,Dave,Loebsack,dave loebsack,"Loebsack, Dave",D,1,143431
IA,02,Mariannette ,Miller-Meeks,mariannette millermeeks,"Miller-Meeks, Mariannette ",R,0,129455
IA,03,David,Young,david young,"Young, David",R,0,148814
IA,03,Staci,Appel,staci appel,"Appel, Staci",D,0,119109
IA,03,Edward B.,Wright,edward wright,"Wright, Edward B.",OTHER,0,9054
IA,03,Bryan Jack,Holder,bryan holder,"Holder, Bryan Jack",OTHER,0,4360
IA,04,Steve ,King,steve king,"King, Steve ",R,1,169834
IA,04,Jim,Mowrer,jim mowrer,"Mowrer, Jim",D,0,105504
KS,01,Tim,Huelskamp,tim huelskamp,"Huelskamp, Tim",OTHER,1,138764
KS,01,James E.,Sherow,james sherow,"Sherow, James E.",D,0,65397
KS,02,Lynn,Jenkins,lynn jenkins,"Jenkins, Lynn",OTHER,1,128742
KS,02,Margie,Wakefield,margie wakefield,"Wakefield, Margie",D,0,87153
KS,02,Christopher ,Clemmons,christopher clemmons,"Clemmons, Christopher",OTHER,0,9791
KS,03,Kevin,Yoder,kevin yoder,"Yoder, Kevin",OTHER,1,134493
KS,03,Kelly,Kultala,kelly kultala,"Kultala, Kelly",D,0,89584
KS,04,Mike,Pompeo,mike pompeo,"Pompeo, Mike",R,1,138757
KS,04,Perry L.,Schuckman,perry schuckman,"Schuckman, Perry L.",D,0,69396
KY,01,Ed,Whitfield,ed whitfield,"Whitfield, Ed",R,1,173022
KY,01,Charles Kendall,Hatchett,charles hatchett,"Hatchett, Charles Kendall",D,0,63596
KY,02,S. Brett,Guthrie,s guthrie,"Guthrie, S. Brett",R,1,156936
KY,02,Ron,Leach,ron leach,"Leach, Ron",D,0,69898
KY,03,John A.,Yarmuth,john yarmuth,"Yarmuth, John A.",D,1,157056
KY,03,Michael,Macfarlane,michael macfarlane,"Macfarlane, Michael",R,0,87981
KY,03,Gregory Peter,Puccetti,gregory puccetti,"Puccetti, Gregory Peter",OTHER,0,2318
KY,04,Thomas,Massie,thomas massie,"Massie, Thomas",R,1,150464
KY,04,Peter,Newberry,peter newberry,"Newberry, Peter",D,0,71694
KY,05,"Harold ""Hal"" ",Rogers,harold rogers,"Rogers, Harold ""Hal"" ",R,1,171350
KY,05,Kenneth S. ,Stepp,kenneth stepp,"Stepp, Kenneth S. ",D,0,47617
KY,06,Andy,Barr,andy barr,"Barr, Andy",R,1,147404
KY,06,Elisabeth,Jensen,elisabeth jensen,"Jensen, Elisabeth",D,0,98290
LA,01,Steve,Scalise,steve scalise,"Scalise, Steve",R,1,189250
LA,01,"M.V. ""Vinny""",Mendoza,mv mendoza,"Mendoza, M.V. ""Vinny""",D,0,24761
LA,01,Lee A.,Dugas,lee dugas,"Dugas, Lee A.",D,0,21286
LA,01,"Jeffry ""Jeff""",Sanford,jeffry sanford,"Sanford, Jeffry ""Jeff""",OTHER,0,8707
LA,02,Cedric,Richmond,cedric richmond,"Richmond, Cedric",D,1,152201
LA,02,Gary,Landrieu,gary landrieu,"Landrieu, Gary",D,0,37805
LA,02,David,Brooks,david brooks,"Brooks, David",OTHER,0,16327
LA,02,Samuel,Davenport,samuel davenport,"Davenport, Samuel",OTHER,0,15237
LA,03,"Charles W., Jr.",Boustany,charles boustany,"Boustany, Charles W., Jr.",R,1,185867
LA,03,Russell,Richard,russell richard,"Richard, Russell",OTHER,0,28342
LA,03,Bryan,Barrilleaux,bryan barrilleaux,"Barrilleaux, Bryan",R,0,22059
LA,04,John,Fleming,john fleming,"Fleming, John",R,1,152683
LA,04,Randall,Lord,randall lord,"Lord, Randall",OTHER,0,55236
LA,05,Ralph Lee,Abraham,ralph abraham,"Abraham, Ralph Lee",R,0,55489
LA,05,"""Jamie""",Mayo,jamie mayo,"Mayo, ""Jamie""",D,0,67611
LA,05,"""Zach""",Dasher,zach dasher,"Dasher, ""Zach""",R,0,53628
LA,05,Vance M.,McAllister,vance mcallister,"McAllister, Vance M.",R,1,26606
LA,05,Clyde C.,Holloway,clyde holloway,"Holloway, Clyde C.",R,0,17877
LA,05,Harris,Brown,harris brown,"Brown, Harris",R,0,9890
LA,05,"""Ed""",Tarpley,ed tarpley,"Tarpley, ""Ed""",R,0,4594
LA,05,Charles,Saucier,charles saucier,"Saucier, Charles",OTHER,0,2201
LA,05,Eliot S.,Barron,eliot barron,"Barron, Eliot S.",OTHER,0,1655
LA,06,Garret,Graves,garret graves,"Graves, Garret",R,0,70715
LA,06,Edwin,Edwards,edwin edwards,"Edwards, Edwin",D,0,77866
LA,06,"Paul, II",Dietzel,paul dietzel,"Dietzel, Paul, II",R,0,35024
LA,06,"""Dan""",Claitor,dan claitor,"Claitor, ""Dan""",R,0,26524
LA,06,Lenar,Whitney,lenar whitney,"Whitney, Lenar",R,0,19151
LA,06,Richard,Lieberman,richard lieberman,"Lieberman, Richard",D,0,7309
LA,06,Craig,McCulloch,craig mcculloch,"McCulloch, Craig",R,0,5815
LA,06,"Robert Lamar ""Bob""",Bell,robert bell,"Bell, Robert Lamar ""Bob""",R,0,5182
LA,06,Peter,Williams,peter williams,"Williams, Peter",D,0,4037
LA,06,"Rufus Holt, Jr.",Craig,rufus craig,"Craig, Rufus Holt, Jr.",OTHER,0,3561
LA,06,"Norman ""Norm""",Clark,norman clark,"Clark, Norman ""Norm""",R,0,1848
LA,06,"""Trey""",Thomas,trey thomas,"Thomas, ""Trey""",R,0,1447
ME,01,Chellie,Pingree,chellie pingree,"Pingree, Chellie",D,1,186674
ME,01,Isaac J. ,Misiuk,isaac misiuk,"Misiuk, Isaac J. ",R,0,94751
ME,01,Richard P.,Murphy,richard murphy,"Murphy, Richard P.",OTHER,0,27410
ME,02,Bruce ,Poliquin,bruce poliquin,"Poliquin, Bruce ",R,0,133308
ME,02,Emily Ann,Cain,emily cain,"Cain, Emily Ann",D,0,118556
ME,02,Blaine,Richardson,blaine richardson,"Richardson, Blaine",OTHER,0,31336
MD,01,Andy,Harris,andy harris,"Harris, Andy",R,1,176342
MD,01,Bill,Tilghman,bill tilghman,"Tilghman, Bill",D,0,73843
MD,02,C. A. Dutch ,Ruppersberger,c ruppersberger,"Ruppersberger, C. A. Dutch ",D,1,120412
MD,02,David ,Banach,david banach,"Banach, David ",R,0,70411
MD,02,Ian,Schlakman,ian schlakman,"Schlakman, Ian",OTHER,0,5326
MD,03,John ,Sarbanes,john sarbanes,"Sarbanes, John ",D,1,128594
MD,03,Charles A.,Long,charles long,"Long, Charles A.",R,0,87029
MD,04,Donna F. ,Edwards,donna edwards,"Edwards, Donna F. ",D,1,134628
MD,04,Nancy ,Hoyt,nancy hoyt,"Hoyt, Nancy ",R,0,54217
MD,04,Arvin,Vohra,arvin vohra,"Vohra, Arvin",OTHER,0,2795
MD,05,Steny H. ,Hoyer,steny hoyer,"Hoyer, Steny H. ",D,1,144725
MD,05,Chris,Chaffee,chris chaffee,"Chaffee, Chris",R,0,80752
MD,05,Dennis L.,Fritz,dennis fritz,"Fritz, Dennis L.",OTHER,0,227
MD,06,John K.,Delaney,john delaney,"Delaney, John K.",D,1,94704
MD,06,Dan ,Bongino,dan bongino,"Bongino, Dan ",R,0,91930
MD,06,George,Gluck,george gluck,"Gluck, George",OTHER,0,3762
MD,07,Elijah,Cummings,elijah cummings,"Cummings, Elijah",D,1,144639
MD,07,Carrogan R. ,Vaughn,carrogan vaughn,"Vaughn, Carrogan R. ",R,0,55860
MD,07,Scott,Soffen,scott soffen,"Soffen, Scott",OTHER,0,6103
MD,08,Chris ,Van Hollen,chris van hollen,"Van Hollen, Chris ",D,1,136722
MD,08,Lih,Young,lih young,"Young, Lih",OTHER,0,16
MD,08,Dave,Wallace,dave wallace,"Wallace, Dave",R,0,87859
MD,08,Andrew Jaye,Wildman,andrew wildman,"Wildman, Andrew Jaye",OTHER,0,102
MA,01,Richard E.,Neal,richard neal,"Neal, Richard E.",D,1,167612
MA,02,James P.,McGovern,james mcgovern,"McGovern, James P.",D,1,169640
MA,03,Nicola S.,Tsongas,nicola tsongas,"Tsongas, Nicola S.",D,1,139104
MA,03,Roseann L. Ehrhard ,Wofford,roseann wofford,"Wofford, Roseann L. Ehrhard ",R,0,81638
MA,04,"Joseph P., III",Kennedy,joseph kennedy,"Kennedy, Joseph P., III",D,1,184158
MA,05,Katherine M.,Clark,katherine clark,"Clark, Katherine M.",D,1,182100
MA,05,William F.,Wilt,william wilt,"Wilt, William F.",OTHER,0,1
MA,06,Seth W.,Moulton,seth moulton,"Moulton, Seth W.",D,0,149638
MA,06,Richard R.,Tisei,richard tisei,"Tisei, Richard R.",R,0,111989
MA,06,Christopher J. ,Stockwell,christopher stockwell,"Stockwell, Christopher J. ",OTHER,0,10373
MA,07,Michael E.,Capuano,michael capuano,"Capuano, Michael E.",D,1,142133
MA,08,Stephen F. ,Lynch,stephen lynch,"Lynch, Stephen F. ",D,1,200644
MA,09,William Richard ,Keating,william keating,"Keating, William Richard ",D,1,140413
MA,09,John C.,Chapman,john chapman,"Chapman, John C.",R,0,114971
MI,01,Dan,Benishek,dan benishek,"Benishek, Dan",R,1,130414
MI,01,Jerry,Cannon,jerry cannon,"Cannon, Jerry",D,0,113263
MI,01,Loel Robert,Gnadt,loel gnadt,"Gnadt, Loel Robert",OTHER,0,3823
MI,01,Ellis,Boal,ellis boal,"Boal, Ellis",OTHER,0,2631
MI,02,Bill,Huizenga,bill huizenga,"Huizenga, Bill",R,1,135568
MI,02,Dean,Vanderstelt,dean vanderstelt,"Vanderstelt, Dean",D,0,70851
MI,02,"Ronald, II",Welch,ronald welch,"Welch, Ronald, II",OTHER,0,3877
MI,02,Ronald E.,Graeser,ronald graeser,"Graeser, Ronald E.",OTHER,0,2776
MI,03,Justin,Amash,justin amash,"Amash, Justin",R,1,125754
MI,03,Bob,Goodrich,bob goodrich,"Goodrich, Bob",D,0,84720
MI,03,Tonya,Duncan,tonya duncan,"Duncan, Tonya",OTHER,0,6691
MI,04,John,Moolenaar,john moolenaar,"Moolenaar, John",R,0,123962
MI,04,Jeff,Holmes,jeff holmes,"Holmes, Jeff",D,0,85777
MI,04,George M.,Zimmer,george zimmer,"Zimmer, George M.",OTHER,0,4990
MI,04,Will Tyler,White,will white,"White, Will Tyler",OTHER,0,4694
MI,05,Daniel T.,Kildee,daniel kildee,"Kildee, Daniel T.",D,1,148182
MI,05,Allen,Hardwick,allen hardwick,"Hardwick, Allen",R,0,69222
MI,05,Harold H.,Jones,harold jones,"Jones, Harold H.",OTHER,0,4734
MI,06,Fred,Upton,fred upton,"Upton, Fred",R,1,116801
MI,06,Paul,Clements,paul clements,"Clements, Paul",D,0,84391
MI,06,John M. ,Lawrence,john lawrence,"Lawrence, John M. ",OTHER,0,2254
MI,06,Erwin J.,Hass,erwin hass,"Hass, Erwin J.",OTHER,0,5530
MI,07,Tim,Walberg,tim walberg,"Walberg, Tim",R,1,119564
MI,07,Pam,Byrnes,pam byrnes,"Byrnes, Pam",D,0,92083
MI,07,Ken,Proctor,ken proctor,"Proctor, Ken",OTHER,0,4531
MI,07,David,Swartout,david swartout,"Swartout, David",OTHER,0,4369
MI,07,Rick,Strawcutter,rick strawcutter,"Strawcutter, Rick",OTHER,0,3138
MI,08,Mike,Bishop,mike bishop,"Bishop, Mike",R,0,132739
MI,08,Eric,Schertzing,eric schertzing,"Schertzing, Eric",D,0,102269
MI,08,"James, II",Weeks,james weeks,"Weeks, James, II",OTHER,0,4557
MI,08,Jim,Casha,jim casha,"Casha, Jim",OTHER,0,1880
MI,08,Jeremy,Burgess,jeremy burgess,"Burgess, Jeremy",OTHER,0,1680
MI,09,Sander,Levin,sander levin,"Levin, Sander",D,1,136342
MI,09,George,Brikho,george brikho,"Brikho, George",R,0,81470
MI,09,Gregory,Creswell,gregory creswell,"Creswell, Gregory",OTHER,0,4792
MI,09,John V.,McDermott,john mcdermott,"McDermott, John V.",OTHER,0,3153
MI,10,Candice S.,Miller,candice miller,"Miller, Candice S.",R,1,157069
MI,10,Chuck,Stadler,chuck stadler,"Stadler, Chuck",D,0,67143
MI,10,Harley,Mikkelson,harley mikkelson,"Mikkelson, Harley",OTHER,0,4480
MI,11,Dave,Trott,dave trott,"Trott, Dave",R,0,140435
MI,11,Bobby,McKenzie,bobby mckenzie,"McKenzie, Bobby",D,0,101681
MI,11,John J.,Tatar,john tatar,"Tatar, John J.",OTHER,0,7711
MI,11,Kerry Lynn,Bentivolio,kerry bentivolio,"Bentivolio, Kerry Lynn",OTHER,1,1411
MI,12,Debbie,Dingell,debbie dingell,"Dingell, Debbie",D,0,134346
MI,12,Terry,Bowman,terry bowman,"Bowman, Terry",R,0,64716
MI,12,Gary,Walkowicz,gary walkowicz,"Walkowicz, Gary",OTHER,0,5039
MI,12,Bhagwan,Dashairya,bhagwan dashairya,"Dashairya, Bhagwan",OTHER,0,2559
MI,13,"John, Jr.",Conyers,john conyers,"Conyers, John, Jr.",D,1,132710
MI,13,Jeff ,Gorman,jeff gorman,"Gorman, Jeff ",R,0,27234
MI,13,Chris,Sharer,chris sharer,"Sharer, Chris",OTHER,0,3537
MI,13,Sam,Johnson,sam johnson,"Johnson, Sam",OTHER,0,3466
MI,14,Brenda,Lawrence,brenda lawrence,"Lawrence, Brenda",D,0,165272
MI,14,Christina L.,Barr,christina barr,"Barr, Christina L. #",R,0,41801
MI,14,Christina ,Conyers,christina conyers,"Conyers, Christina #",R,0,#
MI,14,Leonard,Schwartz,leonard schwartz,"Schwartz, Leonard",OTHER,0,3366
MI,14,Stephen,Boyle,stephen boyle,"Boyle, Stephen",OTHER,0,1999
MI,14,Calvin,Pruden,calvin pruden,"Pruden, Calvin",OTHER,0,30
MN,01,Tim,Walz,tim walz,"Walz, Tim",D,1,122851
MN,01,Jim,Hagedorn,jim hagedorn,"Hagedorn, Jim",R,0,103536
MN,02,John,Kline,john kline,"Kline, John",R,1,137778
MN,02,Mike,Obermueller,mike obermueller,"Obermueller, Mike",D,0,95565
MN,02,Paula,Overby,paula overby,"Overby, Paula",OTHER,0,12319
MN,03,Erik,Paulsen,erik paulsen,"Paulsen, Erik",R,1,167515
MN,03,Sharon,Sund,sharon sund,"Sund, Sharon",D,0,101846
MN,04,Betty,McCollum,betty mccollum,"McCollum, Betty",D,1,147857
MN,04,Sharna,Wahlgren,sharna wahlgren,"Wahlgren, Sharna",R,0,79492
MN,04,Dave,Thomas,dave thomas,"Thomas, Dave",OTHER,0,14059
MN,05,Keith,Ellison,keith ellison,"Ellison, Keith",D,1,167079
MN,05,Doug,Daggett,doug daggett,"Daggett, Doug",R,0,56577
MN,05,Lee,Bauer,lee bauer,"Bauer, Lee",OTHER,0,12001
MN,06,Tom,Emmer,tom emmer,"Emmer, Tom",R,0,133328
MN,06,Joe,Perske,joe perske,"Perske, Joe",D,0,90926
MN,06,John,Denney,john denney,"Denney, John",OTHER,0,12457
MN,07,Collin C.,Peterson,collin peterson,"Peterson, Collin C.",D,1,130546
MN,07,Torrey,Westrom,torrey westrom,"Westrom, Torrey",R,0,109955
MN,08,Rick,Nolan,rick nolan,"Nolan, Rick",D,1,129090
MN,08,Stewart,Mills,stewart mills,"Mills, Stewart",R,0,125358
MN,08,Ray Skip,Sandman,ray sandman,"Sandman, Ray Skip",OTHER,0,11450
MS,01,Alan,Nunnelee,alan nunnelee,"Nunnelee, Alan",R,1,102622
MS,01,Ron E. ,Dickey,ron dickey,"Dickey, Ron E. ",D,0,43713
MS,01,Danny,Bedwell,danny bedwell,"Bedwell, Danny",OTHER,0,3830
MS,01,Lajena,Walley,lajena walley,"Walley, Lajena",OTHER,0,946
MS,02,Bennie G.,Thompson,bennie thompson,"Thompson, Bennie G.",D,1,100688
MS,02,Troy,Ray,troy ray,"Ray, Troy",OTHER,0,36465
MS,02,Shelley,Shoemake,shelley shoemake,"Shoemake, Shelley",OTHER,0,11493
MS,03,Gregg,Harper,gregg harper,"Harper, Gregg",R,1,117771
MS,03,Douglas MacArthur (Doug),Magee,douglas magee,"Magee, Douglas MacArthur (Doug)",D,0,47744
MS,03,Roger,Gerrard,roger gerrard,"Gerrard, Roger",OTHER,0,3890
MS,03,Barbara Dale,Washer,barbara washer,"Washer, Barbara Dale",OTHER,0,1541
MS,04,Steven McCarty,Palazzo,steven palazzo,"Palazzo, Steven McCarty",R,1,108776
MS,04,Matt,Moore,matt moore,"Moore, Matt",D,0,37869
MS,04,Cindy,Burleson,cindy burleson,"Burleson, Cindy",OTHER,0,3684
MS,04,Joey,Robinson,joey robinson,"Robinson, Joey",OTHER,0,3473
MS,04,Eli,Jackson,eli jackson,"Jackson, Eli",OTHER,0,917
MS,04,Ed,Reich,ed reich,"Reich, Ed",OTHER,0,857
MO,01,Lacy ,Clay,lacy clay,"Clay, Lacy ",D,1,119315
MO,01,Daniel J.,Elder,daniel elder,"Elder, Daniel J.",R,0,35273
MO,01,Robb E.,Cunningham,robb cunningham,"Cunningham, Robb E.",OTHER,0,8906
MO,02,Ann,Wagner,ann wagner,"Wagner, Ann",R,1,148191
MO,02,Arthur ,Lieber,arthur lieber,"Lieber, Arthur ",D,0,75384
MO,02,Bill,Slantz,bill slantz,"Slantz, Bill",OTHER,0,7542
MO,03,Blaine,Luetkemeyer,blaine luetkemeyer,"Luetkemeyer, Blaine",R,1,130940
MO,03,Courtney ,Denton,courtney denton,"Denton, Courtney ",D,0,52021
MO,03,Steven,Hedrick,steven hedrick,"Hedrick, Steven",OTHER,0,8593
MO,03,Harold,Davis,harold davis,"Davis, Harold",OTHER,0,66
MO,04,Vicky ,Hartzler,vicky hartzler,"Hartzler, Vicky ",R,1,120014
MO,04,Nate ,Irvin,nate irvin,"Irvin, Nate ",D,0,46464
MO,04,Herschel L.,Young,herschel young,"Young, Herschel L.",OTHER,0,9793
MO,04,Gregory A.,Cowan,gregory cowan,"Cowan, Gregory A.",OTHER,0,15
MO,05,"Emanuel, II",Cleaver,emanuel cleaver,"Cleaver, Emanuel, II",D,1,79256
MO,05,Jacob ,Turk,jacob turk,"Turk, Jacob ",R,0,69071
MO,05,Roy,Welborn,roy welborn,"Welborn, Roy",OTHER,0,5308
MO,06,Sam ,Graves,sam graves,"Graves, Sam ",R,1,124616
MO,06,W.A. (Bill),Hedge,wa hedge,"Hedge, W.A. (Bill)",D,0,55157
MO,06,Russ,Monchil,russ monchil,"Monchil, Russ",OTHER,0,7197
MO,07,Billy,Long,billy long,"Long, Billy",R,1,104054
MO,07,Jim,Evans,jim evans,"Evans, Jim",D,0,47282
MO,07,Kevin,Craig,kevin craig,"Craig, Kevin",OTHER,0,12584
MO,07,Nikolas,Bruce,nikolas bruce,"Bruce, Nikolas",OTHER,0,32
MO,07,John C.,Hagerty,john hagerty,"Hagerty, John C.",OTHER,0,3
MO,07,Martin,Lindstedt,martin lindstedt,"Lindstedt, Martin",OTHER,0,2
MO,08,Jason ,Smith,jason smith,"Smith, Jason ",R,1,106124
MO,08,Barbara,Stocker,barbara stocker,"Stocker, Barbara",D,0,38721
MO,08,Terry,Hampton,terry hampton,"Hampton, Terry",OTHER,0,6821
MO,08,Doug,Enyart,doug enyart,"Enyart, Doug",OTHER,0,3799
MO,08,Rick ,Vandeven,rick vandeven,"Vandeven, Rick ",OTHER,0,3759
MT,00,Ryan,Zinke,ryan zinke,"Zinke, Ryan",R,0,203871
MT,00,John ,Lewis,john lewis,"Lewis, John ",D,0,148690
MT,00,Mike,Fellows,mike fellows,"Fellows, Mike",OTHER,0,15402
NE,01,Jeff,Fortenberry,jeff fortenberry,"Fortenberry, Jeff",R,1,123219
NE,01,Dennis P.,Crawford,dennis crawford,"Crawford, Dennis P.",D,0,55838
NE,02,Brad ,Ashford,brad ashford,"Ashford, Brad ",D,0,83872
NE,02,Lee,Terry,lee terry,"Terry, Lee",R,1,78157
NE,02,Steven,Laird,steven laird,"Laird, Steven",OTHER,0,9021
NE,03,Adrian,Smith,adrian smith,"Smith, Adrian",R,1,139440
NE,03,Mark ,Sullivan,mark sullivan,"Sullivan, Mark ",D,0,45524
NV,01,Dina,Titus,dina titus,"Titus, Dina",D,1,45643
NV,01,Annette,Teijeiro,annette teijeiro,"Teijeiro, Annette",R,0,30413
NV,01,"Richard ""Ricardo Carlos""",Charles,richard charles,"Charles, Richard ""Ricardo Carlos""",OTHER,0,2617
NV,01,Kamau,Bakari,kamau bakari,"Bakari, Kamau",OTHER,0,1626
NV,02,Mark E.,Amodei,mark amodei,"Amodei, Mark E.",R,1,122402
NV,02,Kristen ,Spees,kristen spees,"Spees, Kristen ",D,0,52016
NV,02,Janine,Hansen,janine hansen,"Hansen, Janine",OTHER,0,11792
NV,03,Joe,Heck,joe heck,"Heck, Joe",R,1,88528
NV,03,Erin,Bilbray,erin bilbray,"Bilbray, Erin",D,0,52644
NV,03,David,Goossen,david goossen,"Goossen, David",OTHER,0,1637
NV,03,Randy,Kimmick,randy kimmick,"Kimmick, Randy",OTHER,0,1566
NV,03,Steven,St. John,steven st john,"St. John, Steven",OTHER,0,1344
NV,04,Cresent,Hardy,cresent hardy,"Hardy, Cresent",R,0,63466
NV,04,Steven A.,Horsford,steven horsford,"Horsford, Steven A.",D,1,59844
NV,04,Steve ,Brown,steve brown,"Brown, Steve ",OTHER,0,4119
NV,04,Russell,Best,russell best,"Best, Russell",OTHER,0,3352
NH,01,Frank C.,Guinta,frank guinta,"Guinta, Frank C.",R,0,125508
NH,01,Carol,Shea-Porter,carol sheaporter,"Shea-Porter, Carol",D,1,116769
NH,02,Ann McLane,Kuster,ann kuster,"Kuster, Ann McLane",D,1,130700
NH,02,Marilinda,Garcia,marilinda garcia,"Garcia, Marilinda",R,0,106871
NJ,01 - FULL TERM,Donald W. ,Norcross,donald norcross,"Norcross, Donald W. ",D,0,93315
NJ,01 - FULL TERM,Garry W.,Cobb,garry cobb,"Cobb, Garry W.",R,0,64073
NJ,01 - FULL TERM,Scot John,Tomaszewski,scot tomaszewski,"Tomaszewski, Scot John",OTHER,0,1784
NJ,01 - FULL TERM,Robert,Shapiro,robert shapiro,"Shapiro, Robert",OTHER,0,1134
NJ,01 - FULL TERM,Margaret M.,Chapman,margaret chapman,"Chapman, Margaret M.",OTHER,0,1103
NJ,01 - FULL TERM,Mike,Berman,mike berman,"Berman, Mike",OTHER,0,634
NJ,01 - FULL TERM,Donald E.,Letton,donald letton,"Letton, Donald E.",OTHER,0,449
NJ,01 - UNEXPIRED TERM,Donald W.,Norcross,donald norcross,"Norcross, Donald W.",D,0,92786
NJ,01 - UNEXPIRED TERM,Garry W.,Cobb,garry cobb,"Cobb, Garry W.",OTHER,0,63727
NJ,01 - UNEXPIRED TERM,Scot John,Tomaszewski,scot tomaszewski,"Tomaszewski, Scot John",OTHER,0,2373
NJ,01 - UNEXPIRED TERM,Robert ,Shapiro,robert shapiro,"Shapiro, Robert ",OTHER,0,1647
NJ,01 - UNEXPIRED TERM,Donald E.,Letton,donald letton,"Letton, Donald E.",OTHER,0,742
NJ,02,Frank A. ,LoBiondo,frank lobiondo,"LoBiondo, Frank A. ",R,1,108875
NJ,02,"William J., Jr.",Hughes,william hughes,"Hughes, William J., Jr.",D,0,66026
NJ,02,Alexander H.,Spano,alexander spano,"Spano, Alexander H.",OTHER,0,663
NJ,02,Gary,Stein,gary stein,"Stein, Gary",OTHER,0,612
NJ,02,Constantino,Rozzo,constantino rozzo,"Rozzo, Constantino",OTHER,0,501
NJ,02,Bayode,Olabisi,bayode olabisi,"Olabisi, Bayode",OTHER,0,471
NJ,03,Tom,MacArthur,tom macarthur,"MacArthur, Tom",R,0,100471
NJ,03,Aimee,Belgard,aimee belgard,"Belgard, Aimee",D,0,82537
NJ,03,Frederick John,LaVergne,frederick lavergne,"LaVergne, Frederick John",OTHER,0,3095
NJ,04,Christopher H.,Smith,christopher smith,"Smith, Christopher H.",R,1,118826
NJ,04,Ruben M. ,Scolavino,ruben scolavino,"Scolavino, Ruben M. ",D,0,54415
NJ,04,Scott,Neuman,scott neuman,"Neuman, Scott",OTHER,0,1608
NJ,05,Scott,Garrett,scott garrett,"Garrett, Scott",R,1,104678
NJ,05,Roy,Cho,roy cho,"Cho, Roy",D,0,81808
NJ,05,Mark D.,Quick,mark quick,"Quick, Mark D.",OTHER,0,2435
NJ,06,"Frank , Jr.",Pallone,frank pallone,"Pallone, Frank , Jr.",D,1,72190
NJ,06,Anthony E.,Wilkinson,anthony wilkinson,"Wilkinson, Anthony E.",R,0,46891
NJ,06,Dorit,Goikhman,dorit goikhman,"Goikhman, Dorit",OTHER,0,1376
NJ,07,Leonard,Lance,leonard lance,"Lance, Leonard",R,1,104287
NJ,07,Janice ,Kovach,janice kovach,"Kovach, Janice ",D,0,68232
NJ,07,James,Gawron,james gawron,"Gawron, James",OTHER,0,3478
NJ,08,Albio,Sires,albio sires,"Sires, Albio",D,1,61510
NJ,08,Jude Anthony ,Tiscornia,jude tiscornia,"Tiscornia, Jude Anthony ",R,0,15141
NJ,08,Herbert H.,Shaw,herbert shaw,"Shaw, Herbert H.",OTHER,0,1192
NJ,08,Pablo,Olivera,pablo olivera,"Olivera, Pablo",OTHER,0,1022
NJ,08,Robert,Thorne,robert thorne,"Thorne, Robert",OTHER,0,653
NJ,09,"Bill, Jr.",Pascrell,bill pascrell,"Pascrell, Bill, Jr.",D,1,82498
NJ,09,Dierdre G.,Paul,dierdre paul,"Paul, Dierdre G.",R,0,36246
NJ,09,Nestor,Montilla,nestor montilla,"Montilla, Nestor",OTHER,0,1715
NJ,10,"Donald M., Jr.",Payne,donald payne,"Payne, Donald M., Jr.",D,1,95734
NJ,10,Yolanda ,Dentley,yolanda dentley,"Dentley, Yolanda ",R,0,14154
NJ,10,Gwendolyn A.,Franklin,gwendolyn franklin,"Franklin, Gwendolyn A.",OTHER,0,1237
NJ,10,Dark,Angel,dark angel,"Angel, Dark",OTHER,0,998
NJ,11,Rodney P.,Frelinghuysen,rodney frelinghuysen,"Frelinghuysen, Rodney P.",R,1,109455
NJ,11,Mark,Dunec,mark dunec,"Dunec, Mark",D,0,65477
NJ,12,Bonnie Watson,Coleman,bonnie coleman,"Coleman, Bonnie Watson",D,0,90430
NJ,12,Alieta,Eck,alieta eck,"Eck, Alieta",R,0,54168
NJ,12,Don,DeZarn,don dezarn,"DeZarn, Don",OTHER,0,1330
NJ,12,Steven,Welzer,steven welzer,"Welzer, Steven",OTHER,0,890
NJ,12,Kenneth J.,Cody,kenneth cody,"Cody, Kenneth J.",OTHER,0,567
NJ,12,Jack,Freudenheim,jack freudenheim,"Freudenheim, Jack",OTHER,0,531
NJ,12,Allen J.,Cannon,allen cannon,"Cannon, Allen J.",OTHER,0,450
NM,01,Michelle,Lujan Grisham,michelle lujan grisham,"Lujan Grisham, Michelle",D,1,105474
NM,01,Michael H.,Frese,michael frese,"Frese, Michael H.",R,0,74558
NM,02,Steve ,Pearce,steve pearce,"Pearce, Steve ",R,1,95209
NM,02,"Roxanne ""Rocky""",Lara,roxanne lara,"Lara, Roxanne ""Rocky""",D,0,52499
NM,02,Jack A.,McGrann,jack mcgrann,"McGrann, Jack A.",OTHER,0,69
NM,03,Ben R.,Lujan,ben lujan,"Lujan, Ben R.",D,1,113249
NM,03,Jefferson L. ,Byrd,jefferson byrd,"Byrd, Jefferson L. ",R,0,70775
NM,03,Thomas F.,Hook,thomas hook,"Hook, Thomas F.",OTHER,0,52
NY,01,Lee M.,Zeldin,lee zeldin,"Zeldin, Lee M.",OTHER,0,16973
NY,01,Lee M.,Zeldin,lee zeldin,"Zeldin, Lee M.",R,0,77062
NY,01,Timothy H.,Bishop,timothy bishop,"Bishop, Timothy H.",D,1,68387
NY,01,Timothy H.,Bishop,timothy bishop,"Bishop, Timothy H.",OTHER,1,4878
NY,01,Timothy H.,Bishop,timothy bishop,"Bishop, Timothy H.",OTHER,1,5457
NY,02,Peter T.,King,peter king,"King, Peter T.",OTHER,1,76659
NY,02,Peter T.,King,peter king,"King, Peter T.",OTHER,1,13789
NY,02,Peter T.,King,peter king,"King, Peter T.",OTHER,1,4729
NY,02,Patricia,Maher,patricia maher,"Maher, Patricia",OTHER,0,41814
NY,02,William D.,Stevenson,william stevenson,"Stevenson, William D.",OTHER,0,2281
NY,03,Steve J.,Israel,steve israel,"Israel, Steve J.",D,1,80393
NY,03,Steve J.,Israel,steve israel,"Israel, Steve J.",OTHER,1,4448
NY,03,Steve J.,Israel,steve israel,"Israel, Steve J.",OTHER,1,5191
NY,03,Grant M.,Lally,grant lally,"Lally, Grant M.",R,0,63219
NY,03,Grant M.,Lally,grant lally,"Lally, Grant M.",OTHER,0,11050
NY,04,Kathleen M.,Rice,kathleen rice,"Rice, Kathleen M.",OTHER,0,6021
NY,04,Kathleen M.,Rice,kathleen rice,"Rice, Kathleen M.",D,0,83772
NY,04,Bruce A.,Blakeman,bruce blakeman,"Blakeman, Bruce A.",OTHER,0,67811
NY,04,Bruce A.,Blakeman,bruce blakeman,"Blakeman, Bruce A.",OTHER,0,2437
NY,04,Bruce A.,Blakeman,bruce blakeman,"Blakeman, Bruce A.",OTHER,0,9879
NY,05,Gregory  W.,Meeks,gregory meeks,"Meeks, Gregory  W.",D,1,75712
NY,05,Allen F.,Steinhardt,allen steinhardt,"Steinhardt, Allen F.",OTHER,0,3870
NY,06,Grace,Meng,grace meng,"Meng, Grace",D,1,49227
NY,06,Grace,Meng,grace meng,"Meng, Grace",OTHER,1,6141
NY,07,Nydia M.,Valezquez,nydia valezquez,"Valezquez, Nydia M.",OTHER,1,9451
NY,07,Nydia M.,Valezquez,nydia valezquez,"Valezquez, Nydia M.",D,1,47142
NY,07,Jose Luis ,Fernandez,jose fernandez,"Fernandez, Jose Luis ",R,0,5713
NY,07,Allan E.,Romaguera,allan romaguera,"Romaguera, Allan E.",OTHER,0,1398
NY,08,Hakeem S.,Jeffries,hakeem jeffries,"Jeffries, Hakeem S.",D,1,70469
NY,08,Hakeem S.,Jeffries,hakeem jeffries,"Jeffries, Hakeem S.",OTHER,1,6786
NY,08,Alan ,Bellone,alan bellone,"Bellone, Alan ",OTHER,0,6673
NY,09,Yvette D.,Clarke,yvette clarke,"Clarke, Yvette D.",D,1,70997
NY,09,Yvette D.,Clarke,yvette clarke,"Clarke, Yvette D.",OTHER,1,11662
NY,09,Daniel J.,Cavanagh,daniel cavanagh,"Cavanagh, Daniel J.",OTHER,0,9727
NY,10,Jerrold L.,Nadler,jerrold nadler,"Nadler, Jerrold L.",D,1,73945
NY,10,Jerrold L.,Nadler,jerrold nadler,"Nadler, Jerrold L.",OTHER,1,15135
NY,10,Ross,Brady,ross brady,"Brady, Ross",OTHER,0,12042
NY,10,Michael J.,Dilger,michael dilger,"Dilger, Michael J.",OTHER,0,554
NY,11,Michael G.,Grimm,michael grimm,"Grimm, Michael G.",R,1,48291
NY,11,Michael G.,Grimm,michael grimm,"Grimm, Michael G.",OTHER,1,8251
NY,11,Michael G.,Grimm,michael grimm,"Grimm, Michael G.",OTHER,1,2344
NY,11,"Domenic M., Jr.",Recchia,domenic recchia,"Recchia, Domenic M., Jr.",D,0,41429
NY,11,"Domenic M., Jr.",Recchia,domenic recchia,"Recchia, Domenic M., Jr.",OTHER,0,3815
NY,11,Henry J.,Bardel,henry bardel,"Bardel, Henry J.",OTHER,0,2687
NY,12,Carolyn B.,Maloney,carolyn maloney,"Maloney, Carolyn B.",D,1,78440
NY,12,Carolyn B.,Maloney,carolyn maloney,"Maloney, Carolyn B.",OTHER,1,12163
NY,12,Nicholas S.,Di Iorio,nicholas di iorio,"Di Iorio, Nicholas S.",R,0,19564
NY,12,Nicholas S.,Di Iorio,nicholas di iorio,"Di Iorio, Nicholas S.",OTHER,0,1841
NY,12,Nicholas S.,Di Iorio,nicholas di iorio,"Di Iorio, Nicholas S.",OTHER,0,1326
NY,13,Charles B.,Rangel,charles rangel,"Rangel, Charles B.",D,1,63437
NY,13,Charles B.,Rangel,charles rangel,"Rangel, Charles B. #",OTHER,1,4959
NY,13,Daniel Vila,Rivera,daniel rivera,"Rivera, Daniel Vila",OTHER,0,9806
NY,14,Joseph,Crowley,joseph crowley,"Crowley, Joseph",D,1,45370
NY,14,Joseph,Crowley,joseph crowley,"Crowley, Joseph",OTHER,1,4982
NY,14,Elizabeth,Perri,elizabeth perri,"Perri, Elizabeth",OTHER,0,6735
NY,15,Jose E.,Serrano,jose serrano,"Serrano, Jose E.",OTHER,1,1778
NY,15,Jose E.,Serrano,jose serrano,"Serrano, Jose E.",D,1,53128
NY,15,Eduardo,Ramirez,eduardo ramirez,"Ramirez, Eduardo",OTHER,0,1047
NY,15,William  ,Edstrom,william edstrom,"Edstrom, William  ",OTHER,0,568
NY,16,Eliot L.,Engel,eliot engel,"Engel, Eliot L.",D,1,90088
NY,16,Eliot L.,Engel,eliot engel,"Engel, Eliot L.",OTHER,1,9570
NY,17,Nita M.,Lowey,nita lowey,"Lowey, Nita M.",D,1,89295
NY,17,Nita M.,Lowey,nita lowey,"Lowey, Nita M.",OTHER,1,8855
NY,17,Christopher E.,Day,christopher day,"Day, Christopher E.",R,0,63549
NY,17,Christopher E.,Day,christopher day,"Day, Christopher E.",OTHER,0,12232
NY,18,Sean Patrick,Maloney,sean maloney,"Maloney, Sean Patrick",D,1,76235
NY,18,Sean Patrick,Maloney,sean maloney,"Maloney, Sean Patrick",OTHER,1,12758
NY,18,Nan,Hayworth,nan hayworth,"Hayworth, Nan",R,0,66523
NY,18,Nan,Hayworth,nan hayworth,"Hayworth, Nan",OTHER,0,15714
NY,18,Nan,Hayworth,nan hayworth,"Hayworth, Nan",OTHER,0,3423
NY,18,Scott A.,Smith,scott smith,"Smith, Scott A.",OTHER,0,4294
NY,19,Christopher P.,Gibson,christopher gibson,"Gibson, Christopher P.",R,1,102118
NY,19,Christopher P.,Gibson,christopher gibson,"Gibson, Christopher P.",OTHER,1,20420
NY,19,Christopher P.,Gibson,christopher gibson,"Gibson, Christopher P.",OTHER,1,9056
NY,19,Sean S.,Eldridge,sean eldridge,"Eldridge, Sean S.",D,0,60533
NY,19,Sean S.,Eldridge,sean eldridge,"Eldridge, Sean S.",OTHER,0,11937
NY,20,Paul D.,Tonko,paul tonko,"Tonko, Paul D.",D,1,103437
NY,20,Paul D.,Tonko,paul tonko,"Tonko, Paul D.",OTHER,1,10389
NY,20,Paul D.,Tonko,paul tonko,"Tonko, Paul D.",OTHER,1,11285
NY,20,James M.,Fischer,james fischer,"Fischer, James M.",R,0,61820
NY,20,James M.,Fischer,james fischer,"Fischer, James M.",OTHER,0,17284
NY,21,Elise M.,Stefanik,elise stefanik,"Stefanik, Elise M.",R,0,79615
NY,21,Elise M.,Stefanik,elise stefanik,"Stefanik, Elise M.",OTHER,0,12207
NY,21,Elise M.,Stefanik,elise stefanik,"Stefanik, Elise M. #",OTHER,0,4404
NY,21,Aaron G.,Woolf,aaron woolf,"Woolf, Aaron G.",D,0,53140
NY,21,Aaron G.,Woolf,aaron woolf,"Woolf, Aaron G.",OTHER,0,5923
NY,21,Matthew J.,Funiciello,matthew funiciello,"Funiciello, Matthew J.",OTHER,0,19238
NY,22,Richard L.,Hanna,richard hanna,"Hanna, Richard L.",OTHER,1,16277
NY,22,Richard L.,Hanna,richard hanna,"Hanna, Richard L.",R,1,113574
NY,23,"Thomas W., II",Reed,thomas reed,"Reed, Thomas W., II",R,1,94375
NY,23,"Thomas W., II",Reed,thomas reed,"Reed, Thomas W., II",OTHER,1,13917
NY,23,"Thomas W., II",Reed,thomas reed,"Reed, Thomas W., II",OTHER,1,4838
NY,23,Martha,Robertson,martha robertson,"Robertson, Martha",D,0,60233
NY,23,Martha,Robertson,martha robertson,"Robertson, Martha",OTHER,0,10009
NY,24,John M.,Katko,john katko,"Katko, John M.",R,0,93881
NY,24,John M.,Katko,john katko,"Katko, John M.",OTHER,0,17768
NY,24,John M.,Katko,john katko,"Katko, John M.",OTHER,0,6825
NY,24,Daniel B.,Maffei,daniel maffei,"Maffei, Daniel B.",D,1,72631
NY,24,Daniel B.,Maffei,daniel maffei,"Maffei, Daniel B.",OTHER,1,7673
NY,25,Louise M.,Slaughter,louise slaughter,"Slaughter, Louise M.",D,1,87264
NY,25,Louise M.,Slaughter,louise slaughter,"Slaughter, Louise M.",OTHER,1,9539
NY,25,Mark W.,Assini,mark assini,"Assini, Mark W.",R,0,75990
NY,25,Mark W.,Assini,mark assini,"Assini, Mark W.",OTHER,0,19942
NY,26,Brian,Higgins,brian higgins,"Higgins, Brian",D,1,100648
NY,26,Brian,Higgins,brian higgins,"Higgins, Brian",OTHER,1,12562
NY,26,Kathleen A.,Weppner,kathleen weppner,"Weppner, Kathleen A.",R,0,38477
NY,26,Kathleen A.,Weppner,kathleen weppner,"Weppner, Kathleen A.",OTHER,0,14432
NY,27,Chris,Collins,chris collins,"Collins, Chris",R,1,109171
NY,27,Chris,Collins,chris collins,"Collins, Chris",OTHER,1,27605
NY,27,Chris,Collins,chris collins,"Collins, Chris",OTHER,1,7899
NY,27,James D.,O'Donnell,james odonnell,"O'Donnell, James D.",D,0,50939
NY,27,James D.,O'Donnell,james odonnell,"O'Donnell, James D.",OTHER,0,7972
NC,01,G. K.,Butterfield,g butterfield,"Butterfield, G. K.",D,1,154333
NC,01,Arthur,Rich,arthur rich,"Rich, Arthur",R,0,55990
NC,02,Renee,Ellmers,renee ellmers,"Ellmers, Renee",R,1,122128
NC,02,Clay,Aiken,clay aiken,"Aiken, Clay",D,0,85479
NC,03,Walter,Jones,walter jones,"Jones, Walter",R,1,139415
NC,03,Marshall,Adame,marshall adame,"Adame, Marshall",D,0,66182
NC,04,David,Price,david price,"Price, David",D,1,169946
NC,04,Paul,Wright,paul wright,"Wright, Paul",R,0,57416
NC,05,Virginia,Foxx,virginia foxx,"Foxx, Virginia",R,1,139279
NC,05,Joshua (Josh),Brannon,joshua brannon,"Brannon, Joshua (Josh)",D,0,88973
NC,06,Mark,Walker,mark walker,"Walker, Mark",R,0,147312
NC,06,Laura,Fjeld,laura fjeld,"Fjeld, Laura",D,0,103758
NC,07,David,Rouzer,david rouzer,"Rouzer, David",R,0,134431
NC,07,"Jonathan, Jr.",Barfield,jonathan barfield,"Barfield, Jonathan, Jr.",D,0,84054
NC,07,J. Wesley,Casteen,j casteen,"Casteen, J. Wesley",OTHER,0,7850
NC,07,Louis,Harmati,louis harmati,"Harmati, Louis",OTHER,0,6
NC,08,Richard,Hudson,richard hudson,"Hudson, Richard",R,1,121568
NC,08,Antonio,Blue,antonio blue,"Blue, Antonio",D,0,65854
NC,09,Robert,Pittenger,robert pittenger,"Pittenger, Robert",R,1,163080
NC,09,Shawn,Eckles,shawn eckles,"Eckles, Shawn",OTHER,0,2369
NC,10,Patrick,McHenry,patrick mchenry,"McHenry, Patrick",R,1,133504
NC,10,Tate,MacQueen,tate macqueen,"MacQueen, Tate",D,0,85292
NC,11,Mark,Meadows,mark meadows,"Meadows, Mark",R,1,144682
NC,11,Tom,Hill,tom hill,"Hill, Tom",D,0,85342
NC,12 - FULL TERM,Alma,Adams,alma adams,"Adams, Alma",D,0,130096
NC,12 - FULL TERM,Vince,Coakley,vince coakley,"Coakley, Vince",R,0,42568
NC,12 - UNEXPIRED TERM,Alma,Adams,alma adams,"Adams, Alma",D,0,127668
NC,12 - UNEXPIRED TERM,Vince,Coakley,vince coakley,"Coakley, Vince",R,0,41578
NC,13,George,Holding,george holding,"Holding, George",R,1,153991
NC,13,Brenda,Cleary,brenda cleary,"Cleary, Brenda",D,0,114718
ND,00,Kevin,Cramer,kevin cramer,"Cramer, Kevin",R,1,138100
ND,00,George,Sinner,george sinner,"Sinner, George",OTHER,0,95678
ND,00,"Robert J. ""Jack""",Seaman,robert seaman,"Seaman, Robert J. ""Jack""",OTHER,0,14531
MP,00,Gregorio Kilili Camacho,Sablan,gregorio sablan,"Sablan, Gregorio Kilili Camacho",OTHER,1,8549
MP,00,Andrew Sablan,Salas,andrew salas,"Salas, Andrew Sablan",D,0,4547
OH,01,Steve,Chabot,steve chabot,"Chabot, Steve",R,1,124779
OH,01,Fred,Kundrata,fred kundrata,"Kundrata, Fred",D,0,72604
OH,02,Brad ,Wenstrup,brad wenstrup,"Wenstrup, Brad ",R,1,132658
OH,02,Marek,Tyszkiewicz,marek tyszkiewicz,"Tyszkiewicz, Marek",D,0,68453
OH,03,Joyce B.,Beatty,joyce beatty,"Beatty, Joyce B.",D,1,91769
OH,03,John ,Adams,john adams,"Adams, John ",R,0,51475
OH,03,Ralph A.,Applegate,ralph applegate,"Applegate, Ralph A.",OTHER,0,17
OH,04,Jim ,Jordan,jim jordan,"Jordan, Jim ",R,1,125907
OH,04,Janet,Garrett,janet garrett,"Garrett, Janet",D,0,60165
OH,05,Bob,Latta,bob latta,"Latta, Bob",R,1,134449
OH,05,Robert L.,Fry,robert fry,"Fry, Robert L.",D,0,58507
OH,05,Eric,Eberly,eric eberly,"Eberly, Eric",OTHER,0,9344
OH,06,Bill,Johnson,bill johnson,"Johnson, Bill",R,1,111026
OH,06,Jennifer ,Garrison,jennifer garrison,"Garrison, Jennifer ",D,0,73561
OH,06,Dennis,Lambert,dennis lambert,"Lambert, Dennis",OTHER,0,6065
OH,07,Bob ,Gibbs,bob gibbs,"Gibbs, Bob ",R,1,143959
OH,08,John A.,Boehner,john boehner,"Boehner, John A.",R,1,126539
OH,08,Tom,Poetter,tom poetter,"Poetter, Tom",D,0,51534
OH,08,"James J., Jr.",Condit,james condit,"Condit, James J., Jr.",OTHER,0,10257
OH,09,Marcy,Kaptur,marcy kaptur,"Kaptur, Marcy",D,1,108870
OH,09,Richard,May,richard may,"May, Richard",R,0,51704
OH,09,Cory,Hoffman,cory hoffman,"Hoffman, Cory",OTHER,0,112
OH,09,George A.,Skalsky,george skalsky,"Skalsky, George A.",OTHER,0,29
OH,10,Mike,Turner,mike turner,"Turner, Mike",R,1,130752
OH,10,Robert,Klepinger,robert klepinger,"Klepinger, Robert",D,0,63249
OH,10,David A.,Harlow,david harlow,"Harlow, David A.",OTHER,0,6605
OH,11,Marcia L.,Fudge,marcia fudge,"Fudge, Marcia L.",D,1,137105
OH,11,Mark,Zetzer,mark zetzer,"Zetzer, Mark",R,0,35461
OH,12,Pat,Tiberi,pat tiberi,"Tiberi, Pat",R,1,150573
OH,12,David Arthur,Tibbs,david tibbs,"Tibbs, David Arthur",D,0,61360
OH,12,Bob,Hart,bob hart,"Hart, Bob",OTHER,0,9148
OH,13,Tim,Ryan,tim ryan,"Ryan, Tim",D,1,120230
OH,13,Thomas,Pekarek,thomas pekarek,"Pekarek, Thomas",R,0,55233
OH,13,David Allen,Pastorius,david pastorius,"Pastorius, David Allen",OTHER,0,86
OH,14,David P.,Joyce,david joyce,"Joyce, David P.",R,1,135736
OH,14,Michael ,Wager,michael wager,"Wager, Michael ",D,0,70856
OH,14,David ,Macko,david macko,"Macko, David ",OTHER,0,7988
OH,15,Steve,Stivers,steve stivers,"Stivers, Steve",R,1,128496
OH,15,Scott,Wharton,scott wharton,"Wharton, Scott",D,0,66125
OH,16,Jim,Renacci,jim renacci,"Renacci, Jim",R,1,132176
OH,16,Pete ,Crossland,pete crossland,"Crossland, Pete ",D,0,75199
OK,01,Jim,Bridenstine,jim bridenstine,"Bridenstine, Jim",R,1,Unopposed
OK,02,Markwayne,Mullin,markwayne mullin,"Mullin, Markwayne",R,1,110925
OK,02,Earl E.,Everett,earl everett,"Everett, Earl E.",D,0,38964
OK,02,Jon,Douthitt,jon douthitt,"Douthitt, Jon",OTHER,0,8518
OK,03,Frank D.,Lucas,frank lucas,"Lucas, Frank D.",R,1,133335
OK,03,Frankie,Robbins,frankie robbins,"Robbins, Frankie",D,0,36270
OK,04,Tom,Cole,tom cole,"Cole, Tom",R,1,117721
OK,04,Bert,Smith,bert smith,"Smith, Bert",D,0,40998
OK,04,Dennis B.,Johnson,dennis johnson,"Johnson, Dennis B.",OTHER,0,7549
OK,05,Steve,Russell,steve russell,"Russell, Steve",R,0,95632
OK,05,Al,McAffrey,al mcaffrey,"McAffrey, Al",D,0,57790
OK,05,Robert T.,Murphy,robert murphy,"Murphy, Robert T.",OTHER,0,2176
OK,05,Tom,Boggs,tom boggs,"Boggs, Tom",OTHER,0,2065
OK,05,Buddy,Ray,buddy ray,"Ray, Buddy",OTHER,0,1470
OR,01,Suzanne ,Bonamici,suzanne bonamici,"Bonamici, Suzanne ",OTHER,1,160038
OR,01,Jason,Yates,jason yates,"Yates, Jason",OTHER,0,96245
OR,01,James,Foster,james foster,"Foster, James",OTHER,0,11213
OR,01,Steven C.,Reynolds,steven reynolds,"Reynolds, Steven C.",OTHER,0,11163
OR,02,Greg ,Walden,greg walden,"Walden, Greg ",R,1,202374
OR,02,Aelea ,Christofferson,aelea christofferson,"Christofferson, Aelea ",D,0,73785
OR,02,Sharon L.,Durbin,sharon durbin,"Durbin, Sharon L.",OTHER,0,10491
OR,03,Earl ,Blumenauer,earl blumenauer,"Blumenauer, Earl ",D,1,211748
OR,03,James,Buchal,james buchal,"Buchal, James",OTHER,0,57424
OR,03,Michael,Meo,michael meo,"Meo, Michael",OTHER,0,12106
OR,03,Jeffrey J.,Langan,jeffrey langan,"Langan, Jeffrey J.",OTHER,0,6381
OR,03,David ,Walker,david walker,"Walker, David ",OTHER,0,4009
OR,04,Peter A.,DeFazio,peter defazio,"DeFazio, Peter A.",OTHER,1,181624
OR,04,Art,Robinson,art robinson,"Robinson, Art",OTHER,0,116534
OR,04,Mike,Beilstein,mike beilstein,"Beilstein, Mike",OTHER,0,6863
OR,04,David L.,Chester,david chester,"Chester, David L.",OTHER,0,4676
OR,05,Kurt,Schrader,kurt schrader,"Schrader, Kurt",D,1,150944
OR,05,Tootie ,Smith,tootie smith,"Smith, Tootie ",R,0,110332
OR,05,Marvin,Sannes,marvin sannes,"Sannes, Marvin",OTHER,0,7674
OR,05,Raymond,Baldwin,raymond baldwin,"Baldwin, Raymond",OTHER,0,6208
OR,05,Daniel K.,Souza,daniel souza,"Souza, Daniel K.",OTHER,0,5198
PA,01,Robert A.,Brady,robert brady,"Brady, Robert A.",D,1,131248
PA,01,Megan,Rath,megan rath,"Rath, Megan",R,0,27193
PA,02,Chaka ,Fattah,chaka fattah,"Fattah, Chaka ",D,1,181141
PA,02,Armond,James,armond james,"James, Armond",R,0,25397
PA,03,Mike,Kelly,mike kelly,"Kelly, Mike",R,1,113859
PA,03,Dan,Lavallee,dan lavallee,"Lavallee, Dan",D,0,73931
PA,04,Scott,Perry,scott perry,"Perry, Scott",R,1,147090
PA,04,Linda Deliah,Thompson,linda thompson,"Thompson, Linda Deliah",D,0,50250
PA,05,Glenn GT,Thompson,glenn thompson,"Thompson, Glenn GT",R,1,115018
PA,05,Kerith Strano ,Taylor,kerith taylor,"Taylor, Kerith Strano ",D,0,65839
PA,06,Ryan,Costello,ryan costello,"Costello, Ryan",R,0,119643
PA,06,Manan,Trivedi,manan trivedi,"Trivedi, Manan",D,0,92901
PA,07,Patrick L.,Meehan,patrick meehan,"Meehan, Patrick L.",R,1,145869
PA,07,Mary Ellen,Balchunis,mary balchunis,"Balchunis, Mary Ellen",D,0,89256
PA,08,Michael G.,Fitzpatrick,michael fitzpatrick,"Fitzpatrick, Michael G.",R,1,137731
PA,08,Kevin,Strouse,kevin strouse,"Strouse, Kevin",D,0,84767
PA,09,Bill,Shuster,bill shuster,"Shuster, Bill",R,1,110094
PA,09,Alanna,Hartzok,alanna hartzok,"Hartzok, Alanna",D,0,63223
PA,10,Tom,Marino,tom marino,"Marino, Tom",R,1,112851
PA,10,Scott F.,Brion,scott brion,"Brion, Scott F.",D,0,44737
PA,10,Nicholas,Troiano,nicholas troiano,"Troiano, Nicholas",OTHER,0,22734
PA,11,Lou,Barletta,lou barletta,"Barletta, Lou",R,1,122464
PA,11,Andy,Ostrowski,andy ostrowski,"Ostrowski, Andy",D,0,62228
PA,12,Keith ,Rothfus,keith rothfus,"Rothfus, Keith ",R,1,127993
PA,12,Erin,McClelland,erin mcclelland,"McClelland, Erin",D,0,87928
PA,13,Brendan F.,Boyle,brendan boyle,"Boyle, Brendan F.",D,0,123601
PA,13,Carson Dee,Adcock,carson adcock,"Adcock, Carson Dee",R,0,60549
PA,14,Mike,Doyle,mike doyle,"Doyle, Mike",D,1,148351
PA,15,Charles W.,Dent,charles dent,"Dent, Charles W.",R,1,128285
PA,16,Joseph R.,Pitts,joseph pitts,"Pitts, Joseph R.",R,1,101722
PA,16,Tom,Houghton,tom houghton,"Houghton, Tom",D,0,74513
PA,17,Matt,Cartwright,matt cartwright,"Cartwright, Matt",D,1,93680
PA,17,David J.,Moylan,david moylan,"Moylan, David J.",R,0,71371
PA,18,Tim,Murphy,tim murphy,"Murphy, Tim",R,1,166076
RI,01,David N.,Cicilline,david cicilline,"Cicilline, David N.",D,1,87060
RI,01,Cormick Brendan,Lynch,cormick lynch,"Lynch, Cormick Brendan",R,0,58877
RI,01,Mickey,Mouse,mickey mouse,"Mouse, Mickey",OTHER,0,9
RI,02,James R.,Langevin,james langevin,"Langevin, James R.",D,1,105716
RI,02,Rhue R.,Reis,rhue reis,"Reis, Rhue R.",R,0,63844
RI,02,Charles,Picerno,charles picerno,"Picerno, Charles",OTHER,0,6
SC,01,Mark,Sanford,mark sanford,"Sanford, Mark",R,1,119392
SC,02,Joe,Wilson,joe wilson,"Wilson, Joe",R,1,121649
SC,02,Phil ,Black,phil black,"Black, Phil ",D,0,68719
SC,02,"Harold, III",Geddings,harold geddings,"Geddings, Harold, III",OTHER,0,4158
SC,03,Jeff,Duncan,jeff duncan,"Duncan, Jeff",R,1,116741
SC,03,Barbara Jo,Mullis,barbara mullis,"Mullis, Barbara Jo",D,0,47181
SC,04,Trey,Gowdy,trey gowdy,"Gowdy, Trey",R,1,126452
SC,04,Curtis E.,McLaughlin,curtis mclaughlin,"McLaughlin, Curtis E.",OTHER,0,21969
SC,05,Mick ,Mulvaney,mick mulvaney,"Mulvaney, Mick ",R,1,103078
SC,05,Tom ,Adams,tom adams,"Adams, Tom ",D,0,66802
SC,05,Tom ,Adams,tom adams,"Adams, Tom ",OTHER,0,5183
SC,06,"James E. ""Jim"" ",Clyburn,james clyburn,"Clyburn, James E. ""Jim"" ",D,1,125747
SC,06,Anthony,Culler,anthony culler,"Culler, Anthony",R,0,44311
SC,06,Kevin R.,Umbaugh,kevin umbaugh,"Umbaugh, Kevin R.",OTHER,0,3176
SC,07,Tom ,Rice,tom rice,"Rice, Tom ",R,1,102833
SC,07,Gloria,Bromell-Tinubu,gloria bromelltinubu,"Bromell-Tinubu, Gloria",D,0,68576
SD,00,Kristi,Noem,kristi noem,"Noem, Kristi",R,1,183834
SD,00,Corinna,Robinson,corinna robinson,"Robinson, Corinna",D,0,92485
TN,01,Phil,Roe,phil roe,"Roe, Phil",R,1,115533
TN,01,Robert D.,Franklin,robert franklin,"Franklin, Robert D.",OTHER,0,9906
TN,01,Robert N.,Smith,robert smith,"Smith, Robert N.",OTHER,0,9869
TN,01,Michael D.,Salyer,michael salyer,"Salyer, Michael D.",OTHER,0,4148
TN,01,Scott,Kudialis,scott kudialis,"Kudialis, Scott",OTHER,0,14
TN,02,"John J., Jr.",Duncan,john duncan,"Duncan, John J., Jr.",R,1,120883
TN,02,Bob,Scott,bob scott,"Scott, Bob",D,0,37612
TN,02,Casey Adam,Gouge,casey gouge,"Gouge, Casey Adam",OTHER,0,4223
TN,02,Norris,Dryer,norris dryer,"Dryer, Norris",OTHER,0,4033
TN,03,Chuck,Fleischmann,chuck fleischmann,"Fleischmann, Chuck",R,1,97344
TN,03,Mary M.,Headrick,mary headrick,"Headrick, Mary M.",D,0,53983
TN,03,Cassandra J.,Mitchell,cassandra mitchell,"Mitchell, Cassandra J.",OTHER,0,4770
TN,04,Scott,DesJarlais,scott desjarlais,"DesJarlais, Scott",R,1,84815
TN,04,Lenda ,Sherrell,lenda sherrell,"Sherrell, Lenda ",D,0,51357
TN,04,Robert Rankin,Doggart,robert doggart,"Doggart, Robert Rankin",OTHER,0,9246
TN,05,Jim,Cooper,jim cooper,"Cooper, Jim",D,1,96148
TN,05,Bob,Ries,bob ries,"Ries, Bob",R,0,55078
TN,05,Paul,Deakin,paul deakin,"Deakin, Paul",OTHER,0,3050
TN,06,Diane,Black,diane black,"Black, Diane",R,1,115231
TN,06,Amos Scott,Powers,amos powers,"Powers, Amos Scott",D,0,37232
TN,06,Mike ,Winton,mike winton,"Winton, Mike ",OTHER,0,9634
TN,07,Marsha,Blackburn,marsha blackburn,"Blackburn, Marsha",R,1,110534
TN,07,Daniel,Cramer,daniel cramer,"Cramer, Daniel",D,0,42280
TN,07,Leonard D.,Ladner,leonard ladner,"Ladner, Leonard D.",OTHER,0,5093
TN,08,Stephen Lee,Fincher,stephen fincher,"Fincher, Stephen Lee",R,1,122255
TN,08,Dana,Matheny,dana matheny,"Matheny, Dana",OTHER,0,4
TN,08,Wes,Bradley,wes bradley,"Bradley, Wes",D,0,42433
TN,08,Mark,Rawles,mark rawles,"Rawles, Mark",OTHER,0,4451
TN,08,James,Hart,james hart,"Hart, James",OTHER,0,3452
TN,09,Steve ,Cohen,steve cohen,"Cohen, Steve ",D,1,87376
TN,09,Charlotte,Bergmann,charlotte bergmann,"Bergmann, Charlotte",R,0,27173
TN,09,Floyd Wayne,Alberson,floyd alberson,"Alberson, Floyd Wayne",OTHER,0,766
TN,09,Paul,Cook,paul cook,"Cook, Paul",OTHER,0,752
TN,09,Herbert,Bass,herbert bass,"Bass, Herbert",OTHER,0,483
TX,01,Louie,Gohmert,louie gohmert,"Gohmert, Louie",R,1,115084
TX,01,Shirley J.,McKellar,shirley mckellar,"McKellar, Shirley J.",D,0,33476
TX,02,Ted,Poe,ted poe,"Poe, Ted",R,1,101936
TX,02,Niko,Letsos,niko letsos,"Letsos, Niko",D,0,44462
TX,02,James B.,Veasaw,james veasaw,"Veasaw, James B.",OTHER,0,2316
TX,02,Mark,Roberts,mark roberts,"Roberts, Mark",OTHER,0,1312
TX,03,Sam,Johnson,sam johnson,"Johnson, Sam",R,1,113404
TX,03,Paul,Blair,paul blair,"Blair, Paul",OTHER,0,24876
TX,04,John,Ratcliffe,john ratcliffe,"Ratcliffe, John",R,0,115085
TX,05,Jeb,Hensarling,jeb hensarling,"Hensarling, Jeb",R,1,88998
TX,05,Ken,Ashby,ken ashby,"Ashby, Ken",OTHER,0,15264
TX,06,Joe,Barton,joe barton,"Barton, Joe",R,1,92334
TX,06,David E.,Cozad,david cozad,"Cozad, David E.",D,0,55027
TX,06,Hugh,Chauvin,hugh chauvin,"Chauvin, Hugh",OTHER,0,3635
TX,07,John,Culberson,john culberson,"Culberson, John",R,1,90606
TX,07,James,Cargas,james cargas,"Cargas, James",D,0,49478
TX,07,Gerald,Fowler,gerald fowler,"Fowler, Gerald",OTHER,0,3135
TX,08,Kevin,Brady,kevin brady,"Brady, Kevin",R,1,125066
TX,08,Ken,Petty,ken petty,"Petty, Ken",OTHER,0,14947
TX,09,Al,Green,al green,"Green, Al",D,1,78109
TX,09,Johnny,Johnson,johnny johnson,"Johnson, Johnny",OTHER,0,7894
TX,10,Michael,McCaul,michael mccaul,"McCaul, Michael",R,1,109726
TX,10,Tawana,Walter-Cadien,tawana waltercadien,"Walter-Cadien, Tawana",D,0,60243
TX,10,Bill,Kelsey,bill kelsey,"Kelsey, Bill",OTHER,0,6491
TX,11,Mike,Conaway,mike conaway,"Conaway, Mike",R,1,107939
TX,11,Ryan T.,Lange,ryan lange,"Lange, Ryan T.",OTHER,0,11635
TX,12,Kay,Granger,kay granger,"Granger, Kay",R,1,113186
TX,12,Mark,Greene,mark greene,"Greene, Mark",D,0,41757
TX,12,Ed,Colliver,ed colliver,"Colliver, Ed",OTHER,0,3787
TX,13,Mac,Thornberry,mac thornberry,"Thornberry, Mac",R,1,110842
TX,13,Mike,Minter,mike minter,"Minter, Mike",D,0,16822
TX,13,Emily,Pivoda,emily pivoda,"Pivoda, Emily",OTHER,0,2863
TX,13,Don,Cook,don cook,"Cook, Don",OTHER,0,924
TX,14,Randy,Weber,randy weber,"Weber, Randy",R,1,90116
TX,14,Donald G.,Brown,donald brown,"Brown, Donald G.",D,0,52545
TX,14,John,Wieder,john wieder,"Wieder, John",OTHER,0,3037
TX,15,Rubén,Hinojosa,rubén hinojosa,"Hinojosa, Rubén",D,1,48708
TX,15,Eddie,Zamora,eddie zamora,"Zamora, Eddie",R,0,39016
TX,15,Johnny,Partain,johnny partain,"Partain, Johnny",OTHER,0,2460
TX,16,Beto,O'Rourke,beto orourke,"O'Rourke, Beto",D,1,49338
TX,16,Corey,Roen,corey roen,"Roen, Corey",R,0,21324
TX,16,Jaime O.,Perez,jaime perez,"Perez, Jaime O.",OTHER,0,2443
TX,17,Bill,Flores,bill flores,"Flores, Bill",R,1,85807
TX,17,Nick,Haynes,nick haynes,"Haynes, Nick",D,0,43049
TX,17,Shawn Michael,Hamilton,shawn hamilton,"Hamilton, Shawn Michael",OTHER,0,4009
TX,18,Sheila,Jackson Lee,sheila jackson lee,"Jackson Lee, Sheila",D,1,76097
TX,18,Sean,Seibert,sean seibert,"Seibert, Sean",R,0,26249
TX,18,Vince,Duncan,vince duncan,"Duncan, Vince",OTHER,0,2362
TX,18,Remington,Alessi,remington alessi,"Alessi, Remington",OTHER,0,1302
TX,19,Randy,Neugebauer,randy neugebauer,"Neugebauer, Randy",R,1,90160
TX,19,Neal,Marchbanks,neal marchbanks,"Marchbanks, Neal",D,0,21458
TX,19,Richard (Chip),Peterson,richard peterson,"Peterson, Richard (Chip)",OTHER,0,5146
TX,19,Donald L.,Vance,donald vance,"Vance, Donald L.",OTHER,0,54
TX,20,Joaquin,Castro,joaquin castro,"Castro, Joaquin",D,1,66554
TX,20,Jeffrey C.,Blunt,jeffrey blunt,"Blunt, Jeffrey C.",OTHER,0,21410
TX,21,Lamar,Smith,lamar smith,"Smith, Lamar",R,1,135660
TX,21,Antonio,Diaz,antonio diaz,"Diaz, Antonio",OTHER,0,27831
TX,21,Ryan,Shields,ryan shields,"Shields, Ryan",OTHER,0,25505
TX,22,Pete,Olson,pete olson,"Olson, Pete",R,1,100861
TX,22,Frank,Briscoe,frank briscoe,"Briscoe, Frank",D,0,47844
TX,22,Rob,Lapham,rob lapham,"Lapham, Rob",OTHER,0,2861
TX,23,Will,Hurd,will hurd,"Hurd, Will",R,0,57459
TX,23,Pete P.,Gallego,pete gallego,"Gallego, Pete P.",D,1,55037
TX,23,Ruben,Corvalan,ruben corvalan,"Corvalan, Ruben",OTHER,0,2933
TX,24,Kenny E.,Marchant,kenny marchant,"Marchant, Kenny E.",R,1,93712
TX,24,Patrick,McGehearty,patrick mcgehearty,"McGehearty, Patrick",D,0,46548
TX,24,Mike,Kolls,mike kolls,"Kolls, Mike",OTHER,0,3813
TX,25,Roger,Williams,roger williams,"Williams, Roger",R,1,107120
TX,25,Marco,Montoya,marco montoya,"Montoya, Marco",D,0,64463
TX,25,John,Betz,john betz,"Betz, John",OTHER,0,6300
TX,26,Michael,Burgess,michael burgess,"Burgess, Michael",R,1,116944
TX,26,Mark,Boler,mark boler,"Boler, Mark",OTHER,0,24526
TX,27,Blake,Farenthold,blake farenthold,"Farenthold, Blake",R,1,83342
TX,27,Wesley,Reed,wesley reed,"Reed, Wesley",D,0,44152
TX,27,Roxanne,Simonson,roxanne simonson,"Simonson, Roxanne",OTHER,0,3553
TX,28,Henry,Cuellar,henry cuellar,"Cuellar, Henry",D,1,62508
TX,28,William,Aikens,william aikens,"Aikens, William",OTHER,0,10153
TX,28,Michael D.,Cary,michael cary,"Cary, Michael D.",OTHER,0,3475
TX,29,Gene,Green,gene green,"Green, Gene",D,1,41321
TX,29,James,Stanczak,james stanczak,"Stanczak, James",OTHER,0,4822
TX,30,Eddie Bernice,Johnson,eddie johnson,"Johnson, Eddie Bernice",D,1,93041
TX,30,"Max W., III",Koch,max koch,"Koch, Max W., III",OTHER,0,7154
TX,30,Eric LeMonte,Williams,eric williams,"Williams, Eric LeMonte",OTHER,0,5598
TX,31,John,Carter,john carter,"Carter, John",R,1,91607
TX,31,Louie,Minor,louie minor,"Minor, Louie",D,0,45715
TX,31,Scott J.,Ballard,scott ballard,"Ballard, Scott J.",OTHER,0,5706
TX,32,Pete,Sessions,pete sessions,"Sessions, Pete",R,1,96495
TX,32,Frank,Perez,frank perez,"Perez, Frank",D,0,55325
TX,32,Ed,Rankin,ed rankin,"Rankin, Ed",OTHER,0,4276
TX,33,Marc,Veasey,marc veasey,"Veasey, Marc",D,1,43769
TX,33,Jason,Reeves,jason reeves,"Reeves, Jason",OTHER,0,6823
TX,34,Filemon B.,Vela,filemon vela,"Vela, Filemon B.",D,1,47503
TX,34,Larry S.,Smith,larry smith,"Smith, Larry S.",R,0,30811
TX,34,Ryan,Rowley,ryan rowley,"Rowley, Ryan",OTHER,0,1563
TX,35,Lloyd,Doggett,lloyd doggett,"Doggett, Lloyd",D,1,60124
TX,35,Susan,Narvaiz,susan narvaiz,"Narvaiz, Susan",R,0,32040
TX,35,Cory W.,Bruner,cory bruner,"Bruner, Cory W.",OTHER,0,2767
TX,35,Kat,Swift,kat swift,"Swift, Kat",OTHER,0,1294
TX,36,Brian,Babin,brian babin,"Babin, Brian",R,0,101663
TX,36,Michael K.,Cole,michael cole,"Cole, Michael K.",D,0,29543
TX,36,Rodney,Veach,rodney veach,"Veach, Rodney",OTHER,0,1951
TX,36,"Hal J., Jr.",Ridley,hal ridley,"Ridley, Hal J., Jr.",OTHER,0,685
UT,01,Rob,Bishop,rob bishop,"Bishop, Rob",R,1,84231
UT,01,Donna,McAleer,donna mcaleer,"McAleer, Donna",D,0,36422
UT,01,Craig,Bowden,craig bowden,"Bowden, Craig",OTHER,0,4847
UT,01,Dwayne A.,Vance,dwayne vance,"Vance, Dwayne A.",OTHER,0,4534
UT,02,Chris,Stewart,chris stewart,"Stewart, Chris",R,1,88915
UT,02,Luz,Robles,luz robles,"Robles, Luz",D,0,47585
UT,02,Shaun,McCausland,shaun mccausland,"McCausland, Shaun",OTHER,0,4509
UT,02,Wayne L.,Hill,wayne hill,"Hill, Wayne L.",OTHER,0,3328
UT,02,Bill,Barron,bill barron,"Barron, Bill",OTHER,0,1734
UT,02,Warren,Rogers,warren rogers,"Rogers, Warren",OTHER,0,117
UT,03,Jason,Chaffetz,jason chaffetz,"Chaffetz, Jason",R,1,102952
UT,03,Brian,Wonnacott,brian wonnacott,"Wonnacott, Brian",D,0,32059
UT,03,Zack,Strong,zack strong,"Strong, Zack",OTHER,0,3192
UT,03,Stephen P.,Tryon,stephen tryon,"Tryon, Stephen P.",OTHER,0,2584
UT,03,Ben J.,Mates,ben mates,"Mates, Ben J.",OTHER,0,1513
UT,03,David A.,Else,david else,"Else, David A.",OTHER,0,280
UT,04,Mia B.,Love,mia love,"Love, Mia B.",R,0,74936
UT,04,Doug,Owens,doug owens,"Owens, Doug",D,0,67425
UT,04,Tim,Aalders,tim aalders,"Aalders, Tim",OTHER,0,2032
UT,04,Collin Robert,Simonsen,collin simonsen,"Simonsen, Collin Robert",OTHER,0,1424
UT,04,Jim L.,Vein,jim vein,"Vein, Jim L.",OTHER,0,1351
VT,00,Peter,Welch,peter welch,"Welch, Peter",D,1,123349
VT,00,Mark,Donka,mark donka,"Donka, Mark",R,0,59432
VT,00,Cris,Ericson,cris ericson,"Ericson, Cris",OTHER,0,2750
VT,00,Matthew,Andrews,matthew andrews,"Andrews, Matthew",OTHER,0,2071
VT,00,Jerry,Trudell,jerry trudell,"Trudell, Jerry",OTHER,0,2024
VT,00,Randall,Meyer,randall meyer,"Meyer, Randall",OTHER,0,1685
VI,00,Stacey,Plaskett,stacey plaskett,"Plaskett, Stacey",D,0,21224
VI,00,Vince,Danet,vince danet,"Danet, Vince",R,0,1964
VA,01,"Robert J. ""Rob"" ",Wittman,robert wittman,"Wittman, Robert J. ""Rob"" ",R,1,131861
VA,01,"Norman G. ""Norm",Mosher,norman mosher,"Mosher, Norman G. ""Norm",D,0,72059
VA,01,Glenda Gail,Parker,glenda parker,"Parker, Glenda Gail",OTHER,0,5097
VA,02,E. Scott ,Rigell,e rigell,"Rigell, E. Scott ",R,1,101558
VA,02,Suzanne D.,Patrick,suzanne patrick,"Patrick, Suzanne D.",D,0,71178
VA,03,"Robert C. ""Bobby""",Scott,robert scott,"Scott, Robert C. ""Bobby""",D,1,139197
VA,04,J. Randy,Forbes,j forbes,"Forbes, J. Randy",R,1,120684
VA,04,Elliott G.,Fausz,elliott fausz,"Fausz, Elliott G.",D,0,75270
VA,04,Bo C.,Brown,bo brown,"Brown, Bo C.",OTHER,0,4427
VA,05,Robert,Hurt,robert hurt,"Hurt, Robert",R,1,124735
VA,05,W. Lawrence,Gaughan,w gaughan,"Gaughan, W. Lawrence",D,0,73482
VA,05,Paul F.,Jones,paul jones,"Jones, Paul F.",OTHER,0,4298
VA,05,Kenneth J.,Hildebrandt,kenneth hildebrandt,"Hildebrandt, Kenneth J.",OTHER,0,2209
VA,06,"Robert W. ""Bob""",Goodlatte,robert goodlatte,"Goodlatte, Robert W. ""Bob""",R,1,133898
VA,06,"William M. ""Will""",Hammer,william hammer,"Hammer, William M. ""Will""",OTHER,0,22161
VA,06,Elaine B.,Hildebrandt,elaine hildebrandt,"Hildebrandt, Elaine B.",OTHER,0,21447
VA,07 - FULL TERM,Dave A.,Brat,dave brat,"Brat, Dave A.",R,0,148026
VA,07 - FULL TERM,"John K. ""Jack""",Trammell,john trammell,"Trammell, John K. ""Jack""",D,0,89914
VA,07 - FULL TERM,"James A., Jr.",Carr,james carr,"Carr, James A., Jr.",OTHER,0,5086
VA,07 - UNEXPIRED TERM,Dave A.,Brat,dave brat,"Brat, Dave A.",R,0,148841
VA,07 - UNEXPIRED TERM,"John K. ""Jack""",Trammell,john trammell,"Trammell, John K. ""Jack""",D,0,91236
VA,08,"Donald S., Jr.",Beyer,donald beyer,"Beyer, Donald S., Jr.",D,0,128102
VA,08,Micah K.,Edmond,micah edmond,"Edmond, Micah K.",R,0,63810
VA,08,Gwendolyn J. ,Beck,gwendolyn beck,"Beck, Gwendolyn J. ",OTHER,0,5420
VA,08,Jeffrey S.,Carson,jeffrey carson,"Carson, Jeffrey S.",OTHER,0,4409
VA,08,"Gerard C. ""Gerry,"" III",Blais,gerard blais,"Blais, Gerard C. ""Gerry,"" III",OTHER,0,963
VA,09,H. Morgan ,Griffith,h griffith,"Griffith, H. Morgan ",R,1,117465
VA,09,"William R., Jr.",Carr,william carr,"Carr, William R., Jr.",OTHER,0,39412
VA,10,Barbara J.,Comstock,barbara comstock,"Comstock, Barbara J.",R,0,125914
VA,10,John W.,Foust,john foust,"Foust, John W.",D,0,89957
VA,10,William B.,Redpath,william redpath,"Redpath, William B.",OTHER,0,3393
VA,10,Brad A.,Eickholt,brad eickholt,"Eickholt, Brad A.",OTHER,0,2442
VA,10,Dianne L.,Blais,dianne blais,"Blais, Dianne L.",OTHER,0,946
VA,11,"Gerald E. ""Gerry""",Connolly,gerald connolly,"Connolly, Gerald E. ""Gerry""",D,1,106780
VA,11,Suzanne K.,Scholte,suzanne scholte,"Scholte, Suzanne K.",R,0,75796
VA,11,Marc M.,Harrold,marc harrold,"Harrold, Marc M.",OTHER,0,3264
VA,11,Joe F.,Galdo,joe galdo,"Galdo, Joe F.",OTHER,0,1739
WA,01,Suzan,DelBene,suzan delbene,"DelBene, Suzan",D,1,124151
WA,01,Pedro,Celis,pedro celis,"Celis, Pedro",R,0,101428
WA,02,Rick,Larsen,rick larsen,"Larsen, Rick",D,1,122173
WA,02,B.J. ,Guillot,bj guillot,"Guillot, B.J. ",R,0,79518
WA,03,Jaime Herrera,Beutler,jaime beutler,"Beutler, Jaime Herrera",R,1,124796
WA,03,Bob,Dingethal,bob dingethal,"Dingethal, Bob",D,0,78018
WA,04,Dan,Newhouse,dan newhouse,"Newhouse, Dan",R,0,77772
WA,04,Clint,Didier,clint didier,"Didier, Clint",R,0,75307
WA,05,Cathy McMorris,Rodgers,cathy rodgers,"Rodgers, Cathy McMorris",R,1,135470
WA,05,Joseph (Joe),Pakootas,joseph pakootas,"Pakootas, Joseph (Joe)",D,0,87772
WA,06,Derek ,Kilmer,derek kilmer,"Kilmer, Derek ",D,1,141265
WA,06,Marty,McClendon,marty mcclendon,"McClendon, Marty",R,0,83025
WA,07,Jim,McDermott,jim mcdermott,"McDermott, Jim",D,1,203954
WA,07,Craig ,Keller,craig keller,"Keller, Craig ",R,0,47921
WA,08,Dave,Reichert,dave reichert,"Reichert, Dave",R,1,125741
WA,08,Jason,Ritchie,jason ritchie,"Ritchie, Jason",D,0,73003
WA,09,Adam,Smith,adam smith,"Smith, Adam",D,1,118132
WA,09,Doug,Basler,doug basler,"Basler, Doug",R,0,48662
WA,10,Denny,Heck,denny heck,"Heck, Denny",D,1,99279
WA,10,Joyce,McDonald,joyce mcdonald,"McDonald, Joyce",R,0,82213
WV,01,David B. ,McKinley,david mckinley,"McKinley, David B. ",R,1,92491
WV,01,"Glen B., III",Gainer,glen gainer,"Gainer, Glen B., III",D,0,52109
WV,01,Chuck,Wood,chuck wood,"Wood, Chuck",OTHER,0,137
WV,02,Alex X.,Mooney,alex mooney,"Mooney, Alex X.",R,0,72619
WV,02,Robert Lawrence ,Fluharty,robert fluharty,"Fluharty, Robert Lawrence ",OTHER,0,9
WV,02,Nick,Casey,nick casey,"Casey, Nick",D,0,67687
WV,02,Ed,Rabel,ed rabel,"Rabel, Ed",OTHER,0,6250
WV,02,Davy,Jones,davy jones,"Jones, Davy",OTHER,0,7682
WV,02,Liz,Sullivan,liz sullivan,"Sullivan, Liz",OTHER,0,3
WV,03,Evan,Jenkins,evan jenkins,"Jenkins, Evan",R,0,77713
WV,03,"Nick J., II",Rahall,nick rahall,"Rahall, Nick J., II",D,1,62688
WI,01,Paul,Ryan,paul ryan,"Ryan, Paul",R,1,182316
WI,01,Rob,Zerban,rob zerban,"Zerban, Rob",D,0,105552
WI,01,Keith R.,Deschler,keith deschler,"Deschler, Keith R.",OTHER,0,29
WI,02,Mark,Pocan,mark pocan,"Pocan, Mark",D,1,224920
WI,02,Peter,Theron,peter theron,"Theron, Peter",R,0,103619
WI,03,Ron ,Kind,ron kind,"Kind, Ron ",D,1,155368
WI,03,Tony,Kurtz,tony kurtz,"Kurtz, Tony",R,0,119540
WI,03,Ken,Van Doren,ken van doren,"Van Doren, Ken",OTHER,0,128
WI,04,Gwen,Moore,gwen moore,"Moore, Gwen",D,1,179045
WI,04,Dan,Sebring,dan sebring,"Sebring, Dan",R,0,68490
WI,04,Robert R.,Raymond,robert raymond,"Raymond, Robert R.",OTHER,0,7002
WI,05,"F. James., Jr.",Sensenbrenner,f sensenbrenner,"Sensenbrenner, F. James., Jr.",R,1,231160
WI,05,Chris,Rockwood,chris rockwood,"Rockwood, Chris",D,0,101190
WI,06,Glenn ,Grothman,glenn grothman,"Grothman, Glenn ",R,0,169767
WI,06,Mark L.,Harris,mark harris,"Harris, Mark L.",D,0,122212
WI,06,Gus,Fahrendorf,gus fahrendorf,"Fahrendorf, Gus",OTHER,0,6865
WI,07,Sean,Duffy,sean duffy,"Duffy, Sean",R,1,169891
WI,07,John,Schiess,john schiess,"Schiess, John",OTHER,0,5
WI,07,Kelly ,Westlund,kelly westlund,"Westlund, Kelly ",D,0,112949
WI,07,Lawrence,Dale,lawrence dale,"Dale, Lawrence",OTHER,0,3686
WI,07,Rob,Taylor,rob taylor,"Taylor, Rob",OTHER,0,30
WI,08,Reid J.,Ribble,reid ribble,"Ribble, Reid J.",R,1,188553
WI,08,Ron,Gruett,ron gruett,"Gruett, Ron",D,0,101345
WY,00,Cynthia,Lummis,cynthia lummis,"Lummis, Cynthia",R,1,113038
WY,00,Richard,Grayson,richard grayson,"Grayson, Richard",D,0,37803
WY,00,Richard,Brubaker,richard brubaker,"Brubaker, Richard",OTHER,0,7112
WY,00,Daniel Clyde,Cummings,daniel cummings,"Cummings, Daniel Clyde",OTHER,0,6749
