STATE ABBREVIATION,D,CANDIDATE NAME (First),CANDIDATE NAME (Last),CANDIDATE NAME(f),CANDIDATE NAME,PARTY,(I),GENERAL VOTES 
AL,01,Bradley,Byrne,bradley byrne,"Byrne, Bradley",R,1,208083
AL,02,Martha,Roby,martha roby,"Roby, Martha",R,1,134886
AL,02,Nathan ,Mathis,nathan mathis,"Mathis, Nathan ",D,0,112089
AL,03,Mike,Rogers,mike rogers,"Rogers, Mike",R,1,192164
AL,03,Jesse,Smith,jesse smith,"Smith, Jesse",D,0,94549
AL,04,Robert,Aderholt,robert aderholt,"Aderholt, Robert",R,1,235925
AL,05,Mo,Brooks,mo brooks,"Brooks, Mo",R,1,205647
AL,05,"Will, Jr.",Boyd,will boyd,"Boyd, Will, Jr.",D,0,102234
AL,06,Gary,Palmer,gary palmer,"Palmer, Gary",R,1,245313
AL,06,David J.,Putman,david putman,"Putman, David J.",D,0,83709
AL,07,Terri A.,Sewell,terri sewell,"Sewell, Terri A.",D,1,229330
AK,00,Don,Young,don young,"Young, Don",R,1,155088
AK,00,Steve,Lindbeck,steve lindbeck,"Lindbeck, Steve",D,0,111019
AK,00,Jim C.,McDermott,jim mcdermott,"McDermott, Jim C.",OTHER,0,31770
AK,00,Bernie,Souphanavong,bernie souphanavong,"Souphanavong, Bernie",OTHER,0,9093
AS,00,Aumua,Amata,aumua amata,"Amata, Aumua",R,1,8923
AS,00,Vaitinasa Salu,Hunkin-Finau,vaitinasa hunkinfinau,"Hunkin-Finau, Vaitinasa Salu",D,0,1581
AS,00,Paepaetele Mapu S.,Jamias,paepaetele jamias,"Jamias, Paepaetele Mapu S.",D,0,978
AS,00,Meleagi,Suitonu-Chapman,meleagi suitonuchapman,"Suitonu-Chapman, Meleagi",D,0,181
AS,00,Tim,Jones,tim jones,"Jones, Tim",OTHER,0,171
AZ,01,Tom,O'Halleran,tom ohalleran,"O'Halleran, Tom",D,0,142219
AZ,01,Paul,Babeu,paul babeu,"Babeu, Paul",R,0,121745
AZ,01,Ray,Parrish,ray parrish,"Parrish, Ray",OTHER,0,16746
AZ,02,Martha,McSally,martha mcsally,"McSally, Martha",R,1,179806
AZ,02,Matt,Heinz,matt heinz,"Heinz, Matt",D,0,135873
AZ,03,Raúl,Grijalva,raúl grijalva,"Grijalva, Raúl",D,1,148973
AZ,03,Bill,Abatecola,bill abatecola,"Abatecola, Bill",OTHER,0,1303
AZ,03,Jaime,Vasquez,jaime vasquez,"Vasquez, Jaime",OTHER,0,332
AZ,03,Harvey,Martin,harvey martin,"Martin, Harvey",OTHER,0,283
AZ,03,Federico,Sanchez,federico sanchez,"Sanchez, Federico",OTHER,0,144
AZ,04,Paul,Gosar,paul gosar,"Gosar, Paul",R,1,203487
AZ,04,Mikel,Weisser,mikel weisser,"Weisser, Mikel",D,0,81296
AZ,05,Andy,Biggs,andy biggs,"Biggs, Andy",R,0,205184
AZ,05,Talia,Fuentes,talia fuentes,"Fuentes, Talia",D,0,114940
AZ,06,David,Schweikert,david schweikert,"Schweikert, David",R,1,201578
AZ,06,W. John,Williamson,w williamson,"Williamson, W. John",D,0,122866
AZ,07,Ruben,Gallego,ruben gallego,"Gallego, Ruben",D,1,119465
AZ,07,Eve,Nunez,eve nunez,"Nunez, Eve",R,0,39286
AZ,07,Neil B.,Westbrooks,neil westbrooks,"Westbrooks, Neil B.",OTHER,0,60
AZ,08,Trent,Franks,trent franks,"Franks, Trent",R,1,204942
AZ,08,Mark,Salazar,mark salazar,"Salazar, Mark",OTHER,0,93954
AZ,08,"Hayden, III",Keener,hayden keener,"Keener, Hayden, III",OTHER,0,75
AZ,09,Kyrsten,Sinema,kyrsten sinema,"Sinema, Kyrsten",D,1,169055
AZ,09,Dave,Giles,dave giles,"Giles, Dave",R,0,108350
AZ,09,Cary,Dolego,cary dolego,"Dolego, Cary",OTHER,0,56
AZ,09,Axel,Bello,axel bello,"Bello, Axel",OTHER,0,46
AR,01,Rick ,Crawford,rick crawford,"Crawford, Rick ",R,1,183866
AR,01,Mark ,West,mark west,"West, Mark ",OTHER,0,57181
AR,02,French,Hill,french hill,"Hill, French",R,1,176472
AR,02,Dianne ,Curry,dianne curry,"Curry, Dianne ",D,0,111347
AR,02,Chris,Hayes,chris hayes,"Hayes, Chris",OTHER,0,14342
AR,03,Steve,Womack,steve womack,"Womack, Steve",R,1,217192
AR,03,Steve,Isaacson,steve isaacson,"Isaacson, Steve",OTHER,0,63715
AR,04,Bruce,Westerman,bruce westerman,"Westerman, Bruce",R,1,182885
AR,04,Kerry,Hicks,kerry hicks,"Hicks, Kerry",OTHER,0,61274
CA,01,Doug,La Malfa,doug la malfa,"La Malfa, Doug",R,1,185448
CA,01,Jim,Reed,jim reed,"Reed, Jim",D,0,128588
CA,02,Jared W.,Huffman,jared huffman,"Huffman, Jared W.",D,1,254194
CA,02,Dale K.,Mensing,dale mensing,"Mensing, Dale K.",R,0,76572
CA,03,John G.,Garamendi,john garamendi,"Garamendi, John G.",D,1,152513
CA,03,N. Eugene,Cleek,n cleek,"Cleek, N. Eugene",R,0,104453
CA,04,Tom,McClintock,tom mcclintock,"McClintock, Tom",R,1,220133
CA,04,Robert W.,Derlet,robert derlet,"Derlet, Robert W.",D,0,130845
CA,05,Mike ,Thompson,mike thompson,"Thompson, Mike ",D,1,224526
CA,05,Carlos,Santamaria,carlos santamaria,"Santamaria, Carlos",R,0,67565
CA,06,Doris,Matsui,doris matsui,"Matsui, Doris",D,1,177565
CA,06,Robert (Bob),Evans,robert evans,"Evans, Robert (Bob)",R,0,57848
CA,07,Ami,Bera,ami bera,"Bera, Ami",D,1,152133
CA,07,Scott R.,Jones,scott jones,"Jones, Scott R.",R,0,145168
CA,08,Paul ,Cook,paul cook,"Cook, Paul ",R,1,136972
CA,08,Rita,Ramirez,rita ramirez,"Ramirez, Rita",D,0,83035
CA,09,Jerry,McNerney,jerry mcnerney,"McNerney, Jerry",D,1,133163
CA,09,"Antonio C. ""Tony""",Amador,antonio amador,"Amador, Antonio C. ""Tony""",R,0,98992
CA,10,Jeff,Denham,jeff denham,"Denham, Jeff",R,1,124671
CA,10,Michael  ,Eggman,michael eggman,"Eggman, Michael  ",D,0,116470
CA,11,Mark,DeSaulnier,mark desaulnier,"DeSaulnier, Mark",D,1,214868
CA,11,Roger Allen,Petersen,roger petersen,"Petersen, Roger Allen",R,0,83341
CA,12,Nancy ,Pelosi,nancy pelosi,"Pelosi, Nancy ",D,1,274035
CA,12,Preston,Picus,preston picus,"Picus, Preston",OTHER,0,64810
CA,13,Barbara,Lee,barbara lee,"Lee, Barbara",D,1,293117
CA,13,Sue,Caro,sue caro,"Caro, Sue",R,0,29754
CA,14,Jackie,Speier,jackie speier,"Speier, Jackie",D,1,231630
CA,14,Angel,Cardenas,angel cardenas,"Cardenas, Angel",OTHER,0,54817
CA,15,Eric,Swalwell,eric swalwell,"Swalwell, Eric",D,1,198578
CA,15,Danny R.,Turner,danny turner,"Turner, Danny R.",R,0,70619
CA,16,Jim,Costa,jim costa,"Costa, Jim",D,1,97473
CA,16,Johnny M.,Tacherra,johnny tacherra,"Tacherra, Johnny M.",R,0,70483
CA,17,Ro,Khanna,ro khanna,"Khanna, Ro",D,0,142268
CA,17,Mike ,Honda,mike honda,"Honda, Mike ",D,1,90924
CA,18,Anna G.,Eshoo,anna eshoo,"Eshoo, Anna G.",D,1,230460
CA,18,Richard B.,Fox,richard fox,"Fox, Richard B.",R,0,93470
CA,19,Zoe,Lofgren,zoe lofgren,"Lofgren, Zoe",D,1,181802
CA,19,G. Burt,Lancaster,g lancaster,"Lancaster, G. Burt",R,0,64061
CA,20,Jimmy ,Panetta,jimmy panetta,"Panetta, Jimmy ",D,0,180980
CA,20,Casey ,Lucius,casey lucius,"Lucius, Casey ",R,0,74811
CA,21,David,Valadao,david valadao,"Valadao, David",R,1,75126
CA,21,Emilio Jesus,Huerta,emilio huerta,"Huerta, Emilio Jesus",D,0,57282
CA,22,Devin G.,Nunes,devin nunes,"Nunes, Devin G.",R,1,158755
CA,22,Louie J.,Campos,louie campos,"Campos, Louie J.",D,0,76211
CA,23,Kevin,McCarthy,kevin mccarthy,"McCarthy, Kevin",R,1,167116
CA,23,Wendy ,Reed,wendy reed,"Reed, Wendy ",D,0,74468
CA,24,Salud,Carbajal,salud carbajal,"Carbajal, Salud",D,0,166034
CA,24,Justin Donald ,Fareed,justin fareed,"Fareed, Justin Donald ",R,0,144780
CA,25,Steve,Knight,steve knight,"Knight, Steve",R,1,138755
CA,25,Bryan,Caforio,bryan caforio,"Caforio, Bryan",D,0,122406
CA,26,Julia,Brownley,julia brownley,"Brownley, Julia",D,1,169248
CA,26,Rafael A.,Dagnesses,rafael dagnesses,"Dagnesses, Rafael A.",R,0,111059
CA,27,Judy ,Chu,judy chu,"Chu, Judy ",D,1,168977
CA,27,Jack,Orswell,jack orswell,"Orswell, Jack",R,0,81655
CA,28,Adam B.,Schiff,adam schiff,"Schiff, Adam B.",D,1,210883
CA,28,Lenore,Solis,lenore solis,"Solis, Lenore",R,0,59526
CA,29,Tony,Cardenas,tony cardenas,"Cardenas, Tony",D,1,128407
CA,29,Richard,Alarcon,richard alarcon,"Alarcon, Richard",D,0,43417
CA,30,Brad,Sherman,brad sherman,"Sherman, Brad",D,1,205279
CA,30,Mark,Reed,mark reed,"Reed, Mark",R,0,77325
CA,31,Pete,Aguilar,pete aguilar,"Aguilar, Pete",D,1,121070
CA,31,Paul ,Chabot,paul chabot,"Chabot, Paul ",R,0,94866
CA,32,Grace F. ,Napolitano,grace napolitano,"Napolitano, Grace F. ",D,1,114926
CA,32,Roger,Hernández,roger hernández,"Hernández, Roger",D,0,71720
CA,33,Ted W.,Lieu,ted lieu,"Lieu, Ted W.",D,1,219397
CA,33,Kenneth W.,Wright,kenneth wright,"Wright, Kenneth W.",R,0,110822
CA,34,Xavier,Becerra,xavier becerra,"Becerra, Xavier",D,1,122842
CA,34,Adrienne Nicole,Edwards,adrienne edwards,"Edwards, Adrienne Nicole",D,0,36314
CA,35,Norma J.,Torres,norma torres,"Torres, Norma J.",D,1,124044
CA,35,Tyler,Fischella,tyler fischella,"Fischella, Tyler",R,0,47309
CA,36,Raul,Ruiz,raul ruiz,"Ruiz, Raul",D,1,144348
CA,36,Jeff,Stone,jeff stone,"Stone, Jeff",R,0,88269
CA,37,Karen,Bass,karen bass,"Bass, Karen",D,1,192490
CA,37,Chris Blake,Wiggins,chris wiggins,"Wiggins, Chris Blake",D,0,44782
CA,38,Linda T.,Sánchez,linda sánchez,"Sánchez, Linda T.",D,1,163590
CA,38,Ryan ,Downing,ryan downing,"Downing, Ryan ",R,0,68524
CA,39,Ed,Royce,ed royce,"Royce, Ed",R,1,150777
CA,39,Brett ,Murdock,brett murdock,"Murdock, Brett ",D,0,112679
CA,40,Lucille,Roybal-Allard,lucille roybalallard,"Roybal-Allard, Lucille",D,1,106554
CA,40,Roman Gabriel ,Gonzalez,roman gonzalez,"Gonzalez, Roman Gabriel ",OTHER,0,42743
CA,41,Mark,Takano,mark takano,"Takano, Mark",D,1,128164
CA,41,Doug,Shepherd,doug shepherd,"Shepherd, Doug",R,0,69159
CA,42,Ken,Calvert,ken calvert,"Calvert, Ken",R,1,149547
CA,42,Tim,Sheridan,tim sheridan,"Sheridan, Tim",D,0,104689
CA,43,Maxine,Waters,maxine waters,"Waters, Maxine",D,1,167017
CA,43,Omar,Navarro,omar navarro,"Navarro, Omar",R,0,52499
CA,44,Nanette Diaz,Barragán,nanette barragán,"Barragán, Nanette Diaz",D,0,93124
CA,44,"Isadore, III",Hall,isadore hall,"Hall, Isadore, III",D,0,85289
CA,45,Mimi,Walters,mimi walters,"Walters, Mimi",R,1,182618
CA,45,Ron,Varasteh,ron varasteh,"Varasteh, Ron",D,0,129231
CA,46,Lou,Correa,lou correa,"Correa, Lou",D,0,115248
CA,46,Bao,Nguyen,bao nguyen,"Nguyen, Bao",D,0,49345
CA,47,Alan,Lowenthal,alan lowenthal,"Lowenthal, Alan",D,1,154759
CA,47,Andy,Whallon,andy whallon,"Whallon, Andy",R,0,88109
CA,48,Dana ,Rohrabacher,dana rohrabacher,"Rohrabacher, Dana ",R,1,178701
CA,48,Suzanne,Savary,suzanne savary,"Savary, Suzanne",D,0,127715
CA,49,Darrell,Issa,darrell issa,"Issa, Darrell",R,1,155888
CA,49,Doug,Applegate,doug applegate,"Applegate, Doug",D,0,154267
CA,50,Duncan,Hunter,duncan hunter,"Hunter, Duncan",R,1,179937
CA,50,Patrick,Malloy,patrick malloy,"Malloy, Patrick",D,0,103646
CA,51,Juan ,Vargas,juan vargas,"Vargas, Juan ",D,1,145162
CA,51,"Juan M., Jr.",Hidalgo,juan hidalgo,"Hidalgo, Juan M., Jr.",R,0,54362
CA,52,Scott,Peters,scott peters,"Peters, Scott",D,1,181253
CA,52,Denise,Gitsham,denise gitsham,"Gitsham, Denise",R,0,139403
CA,53,Susan A.,Davis,susan davis,"Davis, Susan A.",D,1,198988
CA,53,James,Veltmeyer,james veltmeyer,"Veltmeyer, James",R,0,97968
CO,01,Diana,DeGette,diana degette,"DeGette, Diana",D,1,257254
CO,01,"Charles ""Casper""",Stockham,charles stockham,"Stockham, Charles ""Casper""",R,0,105030
CO,01,Darrell,Dinges,darrell dinges,"Dinges, Darrell",OTHER,0,16752
CO,02,Jared,Polis,jared polis,"Polis, Jared",D,1,260175
CO,02,Nicholas,Morse,nicholas morse,"Morse, Nicholas",R,0,170001
CO,02,Richard,Longstreth,richard longstreth,"Longstreth, Richard",OTHER,0,27136
CO,03,Scott R.,Tipton,scott tipton,"Tipton, Scott R.",R,1,204220
CO,03,Gail,Schwartz,gail schwartz,"Schwartz, Gail",D,0,150914
CO,03,Kent,Gaylon,kent gaylon,"Gaylon, Kent",OTHER,0,18903
CO,04,Ken,Buck,ken buck,"Buck, Ken",R,1,248230
CO,04,Bob,Seay,bob seay,"Seay, Bob",D,0,123642
CO,04,Bruce,Griffith,bruce griffith,"Griffith, Bruce",OTHER,0,18761
CO,04,Donald,Howbert,donald howbert,"Howbert, Donald",OTHER,0,2
CO,05,Doug,Lamborn,doug lamborn,"Lamborn, Doug",R,1,225445
CO,05,Misty,Plowright,misty plowright,"Plowright, Misty",D,0,111676
CO,05,Mike,McRedmond,mike mcredmond,"McRedmond, Mike",OTHER,0,24872
CO,05,Curtis,Imrie,curtis imrie,"Imrie, Curtis",OTHER,0,121
CO,06,Mike,Coffman,mike coffman,"Coffman, Mike",R,1,191626
CO,06,Morgan,Carroll,morgan carroll,"Carroll, Morgan",D,0,160372
CO,06,Norm,Olsen,norm olsen,"Olsen, Norm",OTHER,0,18778
CO,06,Robert Lee,Worthey,robert worthey,"Worthey, Robert Lee",OTHER,0,5641
CO,07,Ed,Perlmutter,ed perlmutter,"Perlmutter, Ed",D,1,199758
CO,07,George,Athanasopoulos,george athanasopoulos,"Athanasopoulos, George",R,0,144066
CO,07,Martin L.,Buchanan,martin buchanan,"Buchanan, Martin L.",OTHER,0,18186
CT,01,John B.,Larson,john larson,"Larson, John B.",D,1,187021
CT,01,John B.,Larson,john larson,"Larson, John B.",OTHER,1,13665
CT,01,Matthew M.,Corey,matthew corey,"Corey, Matthew M.",R,0,105674
CT,01,S. Michael,DeRosa,s derosa,"DeRosa, S. Michael",OTHER,0,6563
CT,01,Charles ,Jackson,charles jackson,"Jackson, Charles ",OTHER,0,1
CT,01,Mark ,Stewart,mark stewart,"Stewart, Mark ",OTHER,0,1
CT,02,Joe,Courtney,joe courtney,"Courtney, Joe",D,1,186210
CT,02,Joe,Courtney,joe courtney,"Courtney, Joe",OTHER,1,22608
CT,02,Daria Irene,Novak,daria novak,"Novak, Daria Irene",R,0,111149
CT,02,Jonathan,Pelto,jonathan pelto,"Pelto, Jonathan",OTHER,0,5332
CT,02,Daniel,Reale,daniel reale,"Reale, Daniel",OTHER,0,4949
CT,02,Elizabeth F.,Traceski,elizabeth traceski,"Traceski, Elizabeth F.",OTHER,0,9
CT,03,Rosa L.,DeLauro,rosa delauro,"DeLauro, Rosa L.",D,1,192274
CT,03,Rosa L.,DeLauro,rosa delauro,"DeLauro, Rosa L.",OTHER,1,21298
CT,03,Angel,Cadena,angel cadena,"Cadena, Angel",R,0,95786
CT,03,Christopher,Schaefer,christopher schaefer,"Schaefer, Christopher",OTHER,0,18
CT,03,Andrew ,Rule,andrew rule,"Rule, Andrew ",OTHER,0,3
CT,04,Jim,Himes,jim himes,"Himes, Jim",D,1,187811
CT,04,John,Shaban,john shaban,"Shaban, John",R,0,120653
CT,04,John,Shaban,john shaban,"Shaban, John",OTHER,0,5071
CT,04,Carl E. ,Vassar,carl vassar,"Vassar, Carl E. ",OTHER,0,5
CT,05,Elizabeth,Esty,elizabeth esty,"Esty, Elizabeth",D,1,163499
CT,05,Elizabeth,Esty,elizabeth esty,"Esty, Elizabeth",OTHER,1,15753
CT,05,Clay,Cope,clay cope,"Cope, Clay",OTHER,0,4901
CT,05,Clay,Cope,clay cope,"Cope, Clay",R,0,124900
CT,05,John ,Pistone,john pistone,"Pistone, John ",OTHER,0,28
CT,05,Ann-Marie,Adams,annmarie adams,"Adams, Ann-Marie",OTHER,0,1
DE,00,Lisa Blunt,Rochester,lisa rochester,"Rochester, Lisa Blunt",D,0,233554
DE,00,Hans,Reigle,hans reigle,"Reigle, Hans",R,0,172301
DE,00,Mark J.,Perri,mark perri,"Perri, Mark J.",OTHER,0,8326
DE,00,Scott A.,Gesty,scott gesty,"Gesty, Scott A.",OTHER,0,6436
DE,00,Scott,Walker,scott walker,"Walker, Scott",OTHER,0,14
DE,00,"Robert Nelson, III",Franz,robert franz,"Franz, Robert Nelson, III",OTHER,0,4
DE,00,Campbell,Smith,campbell smith,"Smith, Campbell",OTHER,0,4
DE,00,Rachelle Lee,Linney,rachelle linney,"Linney, Rachelle Lee",OTHER,0,1
DC,00,Eleanor Holmes,Norton,eleanor norton,"Norton, Eleanor Holmes",D,1,265178
DC,00,Martin,Moulton,martin moulton,"Moulton, Martin",OTHER,0,18713
DC,00,Natale (Lino),Stracuzzi,natale stracuzzi,"Stracuzzi, Natale (Lino)",OTHER,0,14336
FL,01,Matt,Gaetz,matt gaetz,"Gaetz, Matt",R,0,255107
FL,01,Steven ,Specht,steven specht,"Specht, Steven ",D,0,114079
FL,02,Neal,Dunn,neal dunn,"Dunn, Neal",R,0,231163
FL,02,Walter,Dartland,walter dartland,"Dartland, Walter",D,0,102801
FL,02,Rob ,Lapham,rob lapham,"Lapham, Rob ",OTHER,0,9395
FL,02,Antoine Edward ,Roberts,antoine roberts,"Roberts, Antoine Edward ",OTHER,0,3
FL,03,Ted,Yoho,ted yoho,"Yoho, Ted",R,1,193843
FL,03,"Kenneth ""Ken""",McGurn,kenneth mcgurn,"McGurn, Kenneth ""Ken""",D,0,136338
FL,03,Tom,Wells,tom wells,"Wells, Tom",OTHER,0,12519
FL,04 ,John ,Rutherford,john rutherford,"Rutherford, John ",R,0,287509
FL,04,David E.,Bruderly,david bruderly,"Bruderly, David E.",D,0,113088
FL,04,Gary L.,Koniz,gary koniz,"Koniz, Gary L.",OTHER,0,9054
FL,04,Daniel,Murphy,daniel murphy,"Murphy, Daniel",OTHER,0,11
FL,05,Al ,Lawson,al lawson,"Lawson, Al ",D,0,194549
FL,05,Glo,Smith,glo smith,"Smith, Glo",R,0,108325
FL,06,Ron,DeSantis,ron desantis,"DeSantis, Ron",R,1,213519
FL,06,William (Bill),McCullough,william mccullough,"McCullough, William (Bill)",D,0,151051
FL,07,Stephanie,Murphy,stephanie murphy,"Murphy, Stephanie",D,0,182039
FL,07,John ,Mica,john mica,"Mica, John ",R,1,171583
FL,07,Mike,Plaskon,mike plaskon,"Plaskon, Mike",OTHER,0,33
FL,08,Bill ,Posey,bill posey,"Posey, Bill ",R,1,246483
FL,08,Corry,Westbrook,corry westbrook,"Westbrook, Corry",D,0,127127
FL,08,Bill,Stinson,bill stinson,"Stinson, Bill",OTHER,0,16951
FL,09,Darren,Soto,darren soto,"Soto, Darren",D,0,195311
FL,09,Wayne,Liebnitzky,wayne liebnitzky,"Liebnitzky, Wayne",R,0,144450
FL,10,Val,Demings,val demings,"Demings, Val",D,0,198491
FL,10,Thuy,Lowe,thuy lowe,"Lowe, Thuy",R,0,107498
FL,11,Daniel ,Webster,daniel webster,"Webster, Daniel ",R,1,258016
FL,11,Dave,Koller,dave koller,"Koller, Dave",D,0,124713
FL,11,Bruce Ray,Riggs,bruce riggs,"Riggs, Bruce Ray",OTHER,0,11990
FL,12,Gus Michael ,Bilirakis,gus bilirakis,"Bilirakis, Gus Michael ",R,1,253559
FL,12,Robert Matthew ,Tager,robert tager,"Tager, Robert Matthew ",D,0,116110
FL,13,Charlie ,Crist,charlie crist,"Crist, Charlie ",D,0,184693
FL,13,David W.,Jolly,david jolly,"Jolly, David W.",R,1,171149
FL,14,Kathy ,Castor,kathy castor,"Castor, Kathy ",D,1,195789
FL,14,Christine,Quinn,christine quinn,"Quinn, Christine",R,0,121088
FL,15,Dennis A.,Ross,dennis ross,"Ross, Dennis A.",R,1,182999
FL,15,Jim,Lange,jim lange,"Lange, Jim",D,0,135475
FL,16,Vern,Buchanan,vern buchanan,"Buchanan, Vern",R,1,230654
FL,16,Jan,Schneider,jan schneider,"Schneider, Jan",D,0,155262
FL,17,Tom,Rooney,tom rooney,"Rooney, Tom",R,1,209348
FL,17,April,Freeman,april freeman,"Freeman, April",D,0,115974
FL,17,"John W., III",Sawyer,john sawyer,"Sawyer, John W., III",OTHER,0,13353
FL,18,Brian,Mast,brian mast,"Mast, Brian",R,0,201488
FL,18,Randy ,Perkins,randy perkins,"Perkins, Randy ",D,0,161918
FL,18,Carla,Spalding,carla spalding,"Spalding, Carla",OTHER,0,12503
FL,18,Marilyn ,Holloman,marilyn holloman,"Holloman, Marilyn ",OTHER,0,9
FL,19,Francis,Rooney,francis rooney,"Rooney, Francis",R,0,239225
FL,19,Robert M.,Neeld,robert neeld,"Neeld, Robert M.",D,0,123812
FL,19,David,Byron,david byron,"Byron, David",OTHER,0,109
FL,19,Timothy John,Rossano,timothy rossano,"Rossano, Timothy John",OTHER,0,20
FL,20,Alcee L.,Hastings,alcee hastings,"Hastings, Alcee L.",D,1,222914
FL,20,Gary  ,Stein,gary stein,"Stein, Gary  ",R,0,54646
FL,21,Lois ,Frankel ,lois frankel ,"Frankel, Lois ",D,1,210606
FL,21,Paul ,Spain,paul spain,"Spain, Paul ",R,0,118038
FL,21,"W. Michael ""Mike""",Trout,w trout,"Trout, W. Michael ""Mike""",OTHER,0,7217
FL,22,Ted,Deutch,ted deutch,"Deutch, Ted",D,1,199113
FL,22,Andrea Leigh,McGee,andrea mcgee,"McGee, Andrea Leigh",R,0,138737
FL,23,Debbie Wasserman,Schultz,debbie schultz,"Schultz, Debbie Wasserman",D,1,183225
FL,23,"Joseph ""Joe""",Kaufman,joseph kaufman,"Kaufman, Joseph ""Joe""",R,0,130818
FL,23,Don,Endriss,don endriss,"Endriss, Don",OTHER,0,5180
FL,23,Lyle ,Milstein,lyle milstein,"Milstein, Lyle ",OTHER,0,3897
FL,24,Frederica,Wilson,frederica wilson,"Wilson, Frederica",D,1,Unopposed
FL,25,Mario ,Diaz-Balart,mario diazbalart,"Diaz-Balart, Mario ",OTHER,1,157921
FL,25,Alina,Valdes,alina valdes,"Valdes, Alina",D,0,95319
FL,26,Carlos,Curbelo,carlos curbelo,"Curbelo, Carlos",OTHER,0,148547
FL,26,Joe ,Garcia,joe garcia,"Garcia, Joe ",D,1,115493
FL,26,Jose ,Peixoto,jose peixoto,"Peixoto, Jose ",OTHER,0,16502
FL,27,Ileana,Ros-Lehtinen,ileana roslehtinen,"Ros-Lehtinen, Ileana",R,1,157917
FL,27,Scott,Fuhrman,scott fuhrman,"Fuhrman, Scott",D,0,129760
GA,01,"Earl ""Buddy""",Carter,earl carter,"Carter, Earl ""Buddy""",R,1,210243
GA,01,Nathan,Russo,nathan russo,"Russo, Nathan",OTHER,0,869
GA,02,Sanford,Bishop,sanford bishop,"Bishop, Sanford",D,1,148543
GA,02,Greg,Duke,greg duke,"Duke, Greg",R,0,94056
GA,03,Drew,Ferguson,drew ferguson,"Ferguson, Drew",R,0,207218
GA,03,Angela,Pendley,angela pendley,"Pendley, Angela",D,0,95969
GA,04,"Henry C. ""Hank,"" Jr.",Johnson,henry johnson,"Johnson, Henry C. ""Hank,"" Jr.",D,1,220146
GA,04,Victor ,Armendariz,victor armendariz,"Armendariz, Victor ",R,0,70593
GA,05,John R.,Lewis,john lewis,"Lewis, John R.",D,1,253781
GA,05,Douglas ,Bell,douglas bell,"Bell, Douglas ",R,0,46768
GA,06,Tom ,Price,tom price,"Price, Tom ",R,1,201088
GA,06,Rodney ,Stooksbury,rodney stooksbury,"Stooksbury, Rodney ",D,0,124917
GA,07,Rob,Woodall,rob woodall,"Woodall, Rob",R,1,174081
GA,07,Rashid ,Malik,rashid malik,"Malik, Rashid ",D,0,114220
GA,08,Austin ,Scott,austin scott,"Scott, Austin ",R,1,173983
GA,08,James Neal,Harris,james harris,"Harris, James Neal",D,0,83225
GA,09,Doug ,Collins,doug collins,"Collins, Doug ",R,1,256535
GA,10,Jody ,Hice,jody hice,"Hice, Jody ",R,1,243725
GA,10,Leonard,Ware,leonard ware,"Ware, Leonard",OTHER,0,886
GA,11,Barry,Loudermilk,barry loudermilk,"Loudermilk, Barry",R,1,217935
GA,11,Don ,Wilson,don wilson,"Wilson, Don ",D,0,105383
GA,12,Rick ,Allen,rick allen,"Allen, Rick ",R,1,159492
GA,12,Patricia C.,McCracken,patricia mccracken,"McCracken, Patricia C.",D,0,99420
GA,13,David ,Scott,david scott,"Scott, David ",D,1,252833
GA,14,Tom ,Graves,tom graves,"Graves, Tom ",R,1,216743
GA,14,Patrick A.,Boggs,patrick boggs,"Boggs, Patrick A.",OTHER,0,210
GU,00,Madeleine Zeien,Bordallo,madeleine bordallo,"Bordallo, Madeleine Zeien",D,1,18345
GU,00,Felix P.,Camacho,felix camacho,"Camacho, Felix P.",R,0,15617
HI,01 - FULL TERM,Colleen Wakako,Hanabusa,colleen hanabusa,"Hanabusa, Colleen Wakako",D,0,145417
HI,01 - FULL TERM,Shirlene D. (Shirl),Ostrov,shirlene ostrov,"Ostrov, Shirlene D. (Shirl)",R,0,45958
HI,01 - FULL TERM,Alan J.K.,Yim,alan yim,"Yim, Alan J.K.",OTHER,0,6601
HI,01 - FULL TERM,Calvin (G),Griffin,calvin griffin,"Griffin, Calvin (G)",OTHER,0,4381
HI,01 - UNEXPIRED TERM,Colleen Wakako,Hanabusa,colleen hanabusa,"Hanabusa, Colleen Wakako",D,0,129083
HI,01 - UNEXPIRED TERM,Shirlene DelaCruz,Ostrov,shirlene ostrov,"Ostrov, Shirlene DelaCruz",R,0,44090
HI,01 - UNEXPIRED TERM,Angela Aulani,Kaaihue,angela kaaihue,"Kaaihue, Angela Aulani",D,0,5885
HI,01 - UNEXPIRED TERM,Alan J.K.,Yim,alan yim,"Yim, Alan J.K.",OTHER,0,5559
HI,01 - UNEXPIRED TERM,Howard,Kim,howard kim,"Kim, Howard",D,0,4259
HI,01 - UNEXPIRED TERM,Peter,Cross,peter cross,"Cross, Peter",D,0,3420
HI,01 - UNEXPIRED TERM,Calvin C. (G),Griffin,calvin griffin,"Griffin, Calvin C. (G)",OTHER,0,2824
HI,01 - UNEXPIRED TERM,Javier,Ocasio,javier ocasio,"Ocasio, Javier",D,0,1893
HI,01 - UNEXPIRED TERM,Yvonne,Perry,yvonne perry,"Perry, Yvonne",OTHER,0,1050
HI,01 - UNEXPIRED TERM,Peter H.,Plotzeneder,peter plotzeneder,"Plotzeneder, Peter H.",OTHER,0,328
HI,02,Tulsi,Gabbard,tulsi gabbard,"Gabbard, Tulsi",D,1,170848
HI,02,Angela Aulani,Kaaihue,angela kaaihue,"Kaaihue, Angela Aulani",R,0,39668
ID,01,Raul R.,Labrador,raul labrador,"Labrador, Raul R.",R,1,242252
ID,01,James ,Piotrowski,james piotrowski,"Piotrowski, James ",D,0,113052
ID,02,Mike ,Simpson,mike simpson,"Simpson, Mike ",R,1,205292
ID,02,Jennifer ,Martinez,jennifer martinez,"Martinez, Jennifer ",D,0,95940
ID,02,Anthony,Tomkins,anthony tomkins,"Tomkins, Anthony",OTHER,0,25005
IL,01,Bobby L.,Rush,bobby rush,"Rush, Bobby L.",D,1,234037
IL,01,August (O'Neill),Deuser,august deuser,"Deuser, August (O'Neill)",R,0,81817
IL,01,Tabitha,Carson,tabitha carson,"Carson, Tabitha",OTHER,0,8
IL,02,Robin,Kelly,robin kelly,"Kelly, Robin",D,1,235051
IL,02,John F,Morrow,john morrow,"Morrow, John F",R,0,59471
IL,03,Daniel William,Lipinski,daniel lipinski,"Lipinski, Daniel William",D,1,225320
IL,03,Diane,Harris,diane harris,"Harris, Diane",OTHER,0,91
IL,04,Luis V.,Gutierrez,luis gutierrez,"Gutierrez, Luis V.",D,1,171297
IL,05,Mike,Quigley,mike quigley,"Quigley, Mike",D,1,212842
IL,05,Vince,Kolber,vince kolber,"Kolber, Vince",R,0,86222
IL,05,Rob ,Sherman,rob sherman,"Sherman, Rob ",OTHER,0,14657
IL,05,Michael,Krynski,michael krynski,"Krynski, Michael",OTHER,0,3
IL,06,Peter J.,Roskam,peter roskam,"Roskam, Peter J.",R,1,208555
IL,06,Amanda,Howland,amanda howland,"Howland, Amanda",D,0,143591
IL,07,Danny K.,Davis,danny davis,"Davis, Danny K.",D,1,250584
IL,07,Jeffrey A.,Leef,jeffrey leef,"Leef, Jeffrey A.",R,0,46882
IL,08,Raja,Krishnamoorthi,raja krishnamoorthi,"Krishnamoorthi, Raja",D,0,144954
IL,08,"Peter ""Pete""",DiCianni,peter dicianni,"DiCianni, Peter ""Pete""",R,0,103617
IL,09,Janice D,Schakowsky,janice schakowsky,"Schakowsky, Janice D",D,1,217306
IL,09,Joan McCarthy,Lasonde,joan lasonde,"Lasonde, Joan McCarthy",R,0,109550
IL,09,David,Williams,david williams,"Williams, David",OTHER,0,79
IL,09,Susanne,Atanus,susanne atanus,"Atanus, Susanne",OTHER,0,13
IL,10,Brad,Schneider,brad schneider,"Schneider, Brad",D,0,150435
IL,10,Robert ,Dold,robert dold,"Dold, Robert ",R,1,135535
IL,10,Joseph William,Kopsick,joseph kopsick,"Kopsick, Joseph William",OTHER,0,26
IL,11,Bill,Foster,bill foster,"Foster, Bill",D,1,166578
IL,11,Tonia,Khouri,tonia khouri,"Khouri, Tonia",R,0,108995
IL,12,Michael ,Bost,michael bost,"Bost, Michael ",R,1,169976
IL,12,"Charles ""C.J."" ",Baricevic,charles baricevic,"Baricevic, Charles ""C.J."" ",D,0,124246
IL,12,Paula,Bradshaw,paula bradshaw,"Bradshaw, Paula",OTHER,0,18780
IL,13,Rodney,Davis,rodney davis,"Davis, Rodney",R,1,187583
IL,13,Mark D ,Wicklund,mark wicklund,"Wicklund, Mark D ",D,0,126811
IL,14,"Randall M. ""Randy""",Hultgren,randall hultgren,"Hultgren, Randall M. ""Randy""",R,1,200508
IL,14,Jim ,Walz,jim walz,"Walz, Jim ",D,0,137589
IL,15,John M.,Shimkus,john shimkus,"Shimkus, John M.",R,1,274554
IL,16,Adam,Kinzinger,adam kinzinger,"Kinzinger, Adam",R,1,259722
IL,16,John F.,Burchardt,john burchardt,"Burchardt, John F.",OTHER,0,131
IL,17,Cheri ,Bustos,cheri bustos,"Bustos, Cheri ",D,1,173125
IL,17,Patrick,Harlan,patrick harlan,"Harlan, Patrick",R,0,113943
IL,18,Darin,LaHood,darin lahood,"LaHood, Darin",R,1,250506
IL,18,Junius,Rodriguez,junius rodriguez,"Rodriguez, Junius",D,0,96770
IL,18,Don,Vance,don vance,"Vance, Don",OTHER,0,7
IN,01,Peter J.,Visclosky,peter visclosky,"Visclosky, Peter J.",D,1,207515
IN,01,Donna,Dunn,donna dunn,"Dunn, Donna",OTHER,0,47051
IN,01,John ,Meyer,john meyer,"Meyer, John ",OTHER,0,17
IN,02,Jackie,Walorski,jackie walorski,"Walorski, Jackie",R,1,164355
IN,02,Lynn C.,Coleman,lynn coleman,"Coleman, Lynn C.",D,0,102401
IN,02,Ron,Cenkush,ron cenkush,"Cenkush, Ron",OTHER,0,10601
IN,03,Jim,Banks,jim banks,"Banks, Jim",R,0,201396
IN,03,Tommy A.,Schrader,tommy schrader,"Schrader, Tommy A.",D,0,66023
IN,03,Pepper,Snyder,pepper snyder,"Snyder, Pepper",OTHER,0,19828
IN,04,Todd,Rokita,todd rokita,"Rokita, Todd  #",R,1,193412
IN,04,John,Dale,john dale,"Dale, John",D,0,91256
IN,04,Steven M.,Mayoras,steven mayoras,"Mayoras, Steven M.",OTHER,0,14766
IN,05,Susan W.,Brooks,susan brooks,"Brooks, Susan W.  #",R,1,221957
IN,05,Angela ,Demaree,angela demaree,"Demaree, Angela ",D,0,123849
IN,05,Matthew,Wittlief,matthew wittlief,"Wittlief, Matthew",OTHER,0,15329
IN,06,Luke ,Messer,luke messer,"Messer, Luke ",R,1,204920
IN,06,Barry,Welsh,barry welsh,"Welsh, Barry",D,0,79135
IN,06,Rich,Turvey,rich turvey,"Turvey, Rich",OTHER,0,12330
IN,07,André D.,Carson,andré carson,"Carson, André D.",D,1,158739
IN,07,Catherine (CAT),Ping,catherine ping,"Ping, Catherine (CAT)",R,0,94456
IN,07,Drew,Thompson,drew thompson,"Thompson, Drew",OTHER,0,11475
IN,08,Larry D.,Bucshon,larry bucshon,"Bucshon, Larry D.",R,1,187702
IN,08,Ron,Drake,ron drake,"Drake, Ron",D,0,93356
IN,08,Andrew,Horning,andrew horning,"Horning, Andrew",OTHER,0,13655
IN,09,Trey,Hollingsworth,trey hollingsworth,"Hollingsworth, Trey",R,0,174791
IN,09,Shelli ,Yoder,shelli yoder,"Yoder, Shelli ",D,0,130627
IN,09,Russell,Brooksbank,russell brooksbank,"Brooksbank, Russell",OTHER,0,17425
IA,01,Rod,Blum,rod blum,"Blum, Rod",R,1,206903
IA,01,Monica,Vernon,monica vernon,"Vernon, Monica",D,0,177403
IA,02,Dave,Loebsack,dave loebsack,"Loebsack, Dave",D,1,198571
IA,02,Christopher,Peters,christopher peters,"Peters, Christopher",R,0,170933
IA,03,David,Young,david young,"Young, David",R,1,208598
IA,03,Jim,Mowrer,jim mowrer,"Mowrer, Jim",D,0,155002
IA,03,Bryan Jack,Holder,bryan holder,"Holder, Bryan Jack",OTHER,0,15372
IA,03,Claudia,Addy,claudia addy,"Addy, Claudia",OTHER,0,6348
IA,03,Joe,Grandanette,joe grandanette,"Grandanette, Joe",OTHER,0,4518
IA,04,Steve,King,steve king,"King, Steve",R,1,226719
IA,04,Kim,Weaver,kim weaver,"Weaver, Kim",D,0,142993
KS,01,Roger,Marshall,roger marshall,"Marshall, Roger",OTHER,0,169992
KS,01,Tim,Huelskamp,tim huelskamp,"Huelskamp, Tim",OTHER,1,874
KS,01,Alan,LaPolice,alan lapolice,"LaPolice, Alan",OTHER,0,67739
KS,01,Kerry,Burt,kerry burt,"Burt, Kerry",OTHER,0,19366
KS,02,Lynn,Jenkins,lynn jenkins,"Jenkins, Lynn",OTHER,1,181228
KS,02,Britani,Potter,britani potter,"Potter, Britani",OTHER,0,96840
KS,02,James Houston,Bales,james bales,"Bales, James Houston",OTHER,0,19333
KS,03,Kevin,Yoder,kevin yoder,"Yoder, Kevin",OTHER,1,176022
KS,03,Jay,Sidie,jay sidie,"Sidie, Jay",OTHER,0,139300
KS,03,Steven A.,Hohe,steven hohe,"Hohe, Steven A.",OTHER,0,27791
KS,04,Michael,Pompeo,michael pompeo,"Pompeo, Michael",OTHER,1,166998
KS,04,Daniel B.,Giroux,daniel giroux,"Giroux, Daniel B.",D,0,81495
KS,04,Miranda,Allen,miranda allen,"Allen, Miranda",OTHER,0,19021
KS,04,Gorden J.,Bakken,gorden bakken,"Bakken, Gorden J.",OTHER,0,7737
KY,01 - FULL TERM,James R.,Comer,james comer,"Comer, James R.",R,0,216959
KY,01 - FULL TERM,Samuel L.,Gaskins,samuel gaskins,"Gaskins, Samuel L.",D,0,81710
KY,01 - FULL TERM,Terry,McIntosh,terry mcintosh,"McIntosh, Terry",OTHER,0,332
KY,01 - UNEXPIRED TERM,James R.,Comer,james comer,"Comer, James R.",R,0,209810
KY,1 - UNEXPIRED TERM,Samuel L.,Gaskins,samuel gaskins,"Gaskins, Samuel L.",D,0,80813
KY,02,S. Brett,Guthrie,s guthrie,"Guthrie, S. Brett",R,1,251825
KY,03,John A.,Yarmuth,john yarmuth,"Yarmuth, John A.",D,1,212401
KY,03,Harold,Bratcher,harold bratcher,"Bratcher, Harold",R,0,122093
KY,04,Thomas,Massie,thomas massie,"Massie, Thomas",R,1,233922
KY,04,Calvin,Sidle,calvin sidle,"Sidle, Calvin",D,0,94065
KY,05,"Harold ""Hal""",Rogers,harold rogers,"Rogers, Harold ""Hal""",R,1,221242
KY,06,Andy,Barr,andy barr,"Barr, Andy",R,1,202099
KY,06,Nancy Jo,Kemper,nancy kemper,"Kemper, Nancy Jo",D,0,128728
LA,01,Steve,Scalise,steve scalise,"Scalise, Steve",R,1,243645
LA,01,Lee Ann,Dugas,lee dugas,"Dugas, Lee Ann",D,0,41840
LA,01,Danil Ezekiel,Faust,danil faust,"Faust, Danil Ezekiel",D,0,12708
LA,01,Howard,Kearney,howard kearney,"Kearney, Howard",OTHER,0,9405
LA,01,"Joseph ""Joe""",Swider,joseph swider,"Swider, Joseph ""Joe""",D,0,9237
LA,01,Eliot,Barron,eliot barron,"Barron, Eliot",OTHER,0,6717
LA,01,Chuemai,Yang,chuemai yang,"Yang, Chuemai",OTHER,0,3236
LA,02,Cedric,Richmond,cedric richmond,"Richmond, Cedric",D,1,198289
LA,02,"Melvin L. ""Kip""",Holden,melvin holden,"Holden, Melvin L. ""Kip""",D,0,57125
LA,02,Kenneth,Cutno,kenneth cutno,"Cutno, Kenneth",D,0,28855
LA,03,Clay,Higgins,clay higgins,"Higgins, Clay",R,0,84912
LA,03,Scott A.,Angelle,scott angelle,"Angelle, Scott A.",R,0,91532
LA,03,"Jacob ""Dorian Phibian""",Hebert,jacob hebert,"Hebert, Jacob ""Dorian Phibian""",D,0,28385
LA,03,Larry,Rader,larry rader,"Rader, Larry",D,0,27830
LA,03,Gus,Rantz,gus rantz,"Rantz, Gus",R,0,25662
LA,03,"""Greg""",Ellison,greg ellison,"Ellison, ""Greg""",R,0,24882
LA,03,Brett,Geymann,brett geymann,"Geymann, Brett",R,0,21607
LA,03,Bryan,Barrilleaux,bryan barrilleaux,"Barrilleaux, Bryan",R,0,6223
LA,03,Guy ,McLendon,guy mclendon,"McLendon, Guy ",OTHER,0,2937
LA,03,"Kenny P., Sr.",Scelfo,kenny scelfo,"Scelfo, Kenny P., Sr.",OTHER,0,2670
LA,03,Grover Joseph,Rees,grover rees,"Rees, Grover Joseph",R,0,2457
LA,03,Herman L.,Vidrine,herman vidrine,"Vidrine, Herman L.",R,0,1357
LA,04,"""Mike""",Johnson,mike johnson,"Johnson, ""Mike""",R,0,70580
LA,04,Marshall,Jones,marshall jones,"Jones, Marshall",D,0,80593
LA,04,"Ralph ""Trey""",Baucum,ralph baucum,"Baucum, Ralph ""Trey""",R,0,50412
LA,04,Oliver,Jenkins,oliver jenkins,"Jenkins, Oliver",R,0,44521
LA,04,Elbert,Guillory,elbert guillory,"Guillory, Elbert",R,0,21017
LA,04,"""Rick""",John,rick john,"John, ""Rick""",R,0,13220
LA,04,Mark David,Halverson,mark halverson,"Halverson, Mark David",OTHER,0,3149
LA,04,Kenneth J.,Krefft,kenneth krefft,"Krefft, Kenneth J.",OTHER,0,2493
LA,05,"Ralph,  Jr.",Abraham,ralph abraham,"Abraham, Ralph,  Jr.",R,1,208545
LA,05,Billy,Burkette,billy burkette,"Burkette, Billy",R,0,47117
LA,06,Garret,Graves,garret graves,"Graves, Garret",R,1,207483
LA,06,Richard ,Lieberman,richard lieberman,"Lieberman, Richard ",D,0,49380
LA,06,"Robert Lamar ""Bob""",Bell,robert bell,"Bell, Robert Lamar ""Bob""",R,0,33592
LA,06,Jermaine,Sampson,jermaine sampson,"Sampson, Jermaine",D,0,29822
LA,06,Richard M.,Fontanesi,richard fontanesi,"Fontanesi, Richard M.",OTHER,0,7603
LA,06,Devin Lance,Graham,devin graham,"Graham, Devin Lance",OTHER,0,3218
ME,01,Chellie,Pingree,chellie pingree,"Pingree, Chellie",D,1,227546
ME,01,Mark I.,Holbrook,mark holbrook,"Holbrook, Mark I.",R,0,164569
ME,01,James J.,Bouchard,james bouchard,"Bouchard, James J.",OTHER,0,276
ME,02,Bruce,Poliquin,bruce poliquin,"Poliquin, Bruce",R,1,192878
ME,02,Emily Ann,Cain,emily cain,"Cain, Emily Ann",D,0,159081
ME,02,Jay Parker,Dresser,jay dresser,"Dresser, Jay Parker",OTHER,0,224
MD,01,Andy,Harris,andy harris,"Harris, Andy",R,1,242574
MD,01,Joe,Werner,joe werner,"Werner, Joe",D,0,103622
MD,01,Matt,Beers,matt beers,"Beers, Matt",OTHER,0,15370
MD,02,C.A. Dutch,Ruppersberger,ca ruppersberger,"Ruppersberger, C.A. Dutch",D,1,192183
MD,02,Pat,McDonough,pat mcdonough,"McDonough, Pat",R,0,102577
MD,02,Kristin S.,Kasprzak,kristin kasprzak,"Kasprzak, Kristin S.",OTHER,0,14128
MD,03,John,Sarbanes,john sarbanes,"Sarbanes, John",D,1,214640
MD,03,Mark,Plaster,mark plaster,"Plaster, Mark",R,0,115048
MD,03,Nnabu,Eze,nnabu eze,"Eze, Nnabu",OTHER,0,9461
MD,03,Ann,Dalrymple,ann dalrymple,"Dalrymple, Ann",OTHER,0,63
MD,04,Anthony G.,Brown,anthony brown,"Brown, Anthony G.",D,0,237501
MD,04,George E.,McDermott,george mcdermott,"McDermott, George E.",R,0,68670
MD,04,Kamesha T.,Clark,kamesha clark,"Clark, Kamesha T.",OTHER,0,8204
MD,04,Benjamin Lee,Krause,benjamin krause,"Krause, Benjamin Lee",OTHER,0,5744
MD,04,Adrian,Petrus,adrian petrus,"Petrus, Adrian",OTHER,0,18
MD,05,Steny H.,Hoyer,steny hoyer,"Hoyer, Steny H.",D,1,242989
MD,05,Mark,Arness,mark arness,"Arness, Mark",R,0,105931
MD,05,Jason,Summers,jason summers,"Summers, Jason",OTHER,0,11078
MD,06,John K.,Delaney,john delaney,"Delaney, John K.",D,1,185770
MD,06,Amie,Hoeber,amie hoeber,"Hoeber, Amie",R,0,133081
MD,06,David L.,Howser,david howser,"Howser, David L.",OTHER,0,6889
MD,06,George,Gluck,george gluck,"Gluck, George",OTHER,0,5824
MD,06,Ted,Athey,ted athey,"Athey, Ted",OTHER,0,103
MD,07,Elijah,Cummings,elijah cummings,"Cummings, Elijah",D,1,238838
MD,07,Corrogan R.,Vaughn,corrogan vaughn,"Vaughn, Corrogan R.",R,0,69556
MD,07,Myles B.,Hoeing,myles hoeing,"Hoeing, Myles B.",OTHER,0,9715
MD,07,William T.,Newton,william newton,"Newton, William T.",OTHER,0,202
MD,07,Michael T.,Pearson,michael pearson,"Pearson, Michael T.",OTHER,0,17
MD,08,Jamie,Raskin,jamie raskin,"Raskin, Jamie",D,0,220657
MD,08,Dan,Cox,dan cox,"Cox, Dan",R,0,124651
MD,08,Nancy,Wallace,nancy wallace,"Wallace, Nancy",OTHER,0,11201
MD,08,Jasen,Wunder,jasen wunder,"Wunder, Jasen",OTHER,0,7283
MD,08,Kevin Levester,Little,kevin little,"Little, Kevin Levester",OTHER,0,5
MA,01,Richard E.,Neal,richard neal,"Neal, Richard E.",D,1,235803
MA,01,Frederick O.,Mayock,frederick mayock,"Mayock, Frederick O.",OTHER,0,57504
MA,01,Thomas T.,Simmons,thomas simmons,"Simmons, Thomas T.",OTHER,0,27511
MA,02,James P.,McGovern,james mcgovern,"McGovern, James P.",D,1,275487
MA,03,Nicola S.,Tsongas,nicola tsongas,"Tsongas, Nicola S.",D,1,236713
MA,03,Ann,Wofford,ann wofford,"Wofford, Ann",R,0,107519
MA,04,"Joseph P., III",Kennedy,joseph kennedy,"Kennedy, Joseph P., III",D,1,265823
MA,04,David A.,Rosa,david rosa,"Rosa, David A.",R,0,113055
MA,05,Katherine M.,Clark,katherine clark,"Clark, Katherine M.",D,1,285606
MA,06,Seth,Moulton,seth moulton,"Moulton, Seth",D,1,308923
MA,07,Michael E.,Capuano,michael capuano,"Capuano, Michael E.",D,1,253354
MA,08,Stephen F. ,Lynch,stephen lynch,"Lynch, Stephen F. ",D,1,271019
MA,08,William,Burke,william burke,"Burke, William",R,0,102744
MA,09,William Richard ,Keating,william keating,"Keating, William Richard ",D,1,211790
MA,09,Mark C.,Alliegro,mark alliegro,"Alliegro, Mark C.",R,0,127803
MA,09,Paul J.,Harrington,paul harrington,"Harrington, Paul J.",OTHER,0,26233
MA,09,Christopher D.,Cataldo,christopher cataldo,"Cataldo, Christopher D.",OTHER,0,8338
MA,09,Anna Grace,Raduc,anna raduc,"Raduc, Anna Grace",OTHER,0,5320
MI,01,Jack,Bergman,jack bergman,"Bergman, Jack",R,0,197777
MI,01,Lon,Johnson,lon johnson,"Johnson, Lon",D,0,144334
MI,01,Diane,Bostow,diane bostow,"Bostow, Diane",OTHER,0,13386
MI,01,Ellis,Boal,ellis boal,"Boal, Ellis",OTHER,0,4774
MI,02,Bill,Huizenga,bill huizenga,"Huizenga, Bill",R,1,212508
MI,02,Dennis B.,Murphy,dennis murphy,"Murphy, Dennis B.",D,0,110391
MI,02,Erwin J.,Haas,erwin haas,"Haas, Erwin J.",OTHER,0,8154
MI,02,Matthew A.,Brady,matthew brady,"Brady, Matthew A.",OTHER,0,5353
MI,02,Ronald E.,Graeser,ronald graeser,"Graeser, Ronald E.",OTHER,0,2904
MI,02,Joshua,Arnold,joshua arnold,"Arnold, Joshua",OTHER,0,18
MI,03,Justin,Amash,justin amash,"Amash, Justin",R,1,203545
MI,03,Douglas,Smith,douglas smith,"Smith, Douglas",D,0,128400
MI,03,Ted,Gerrard,ted gerrard,"Gerrard, Ted",OTHER,0,10420
MI,04,John ,Moolenaar,john moolenaar,"Moolenaar, John ",R,1,194572
MI,04,Debra,Wirth,debra wirth,"Wirth, Debra",OTHER,0,101277
MI,04,Leonard ,Schwartz,leonard schwartz,"Schwartz, Leonard ",OTHER,0,8516
MI,04,George M.,Zimmer,george zimmer,"Zimmer, George M.",OTHER,0,5595
MI,04,Jordan,Salvi,jordan salvi,"Salvi, Jordan",OTHER,0,3953
MI,04,Keith,Butkovich,keith butkovich,"Butkovich, Keith",OTHER,0,1838
MI,05,Daniel T.,Kildee,daniel kildee,"Kildee, Daniel T.",D,1,195279
MI,05,Al,Hardwick,al hardwick,"Hardwick, Al",R,0,112102
MI,05,Steve,Sluka,steve sluka,"Sluka, Steve",OTHER,0,7006
MI,05,Harley,Mikkelson,harley mikkelson,"Mikkelson, Harley",OTHER,0,4904
MI,06,Fred,Upton,fred upton,"Upton, Fred",R,1,193259
MI,06,Paul,Clements,paul clements,"Clements, Paul",D,0,119980
MI,06,Lorence,Wenke,lorence wenke,"Wenke, Lorence",OTHER,0,16248
MI,06,Richard Miller,Overton,richard overton,"Overton, Richard Miller",OTHER,0,78
MI,07,Tim,Walberg,tim walberg,"Walberg, Tim",R,1,184321
MI,07,Gretchen D.,Driskell,gretchen driskell,"Driskell, Gretchen D.",D,0,134010
MI,07,Ken,Proctor,ken proctor,"Proctor, Ken",OTHER,0,16476
MI,08,Mike,Bishop,mike bishop,"Bishop, Mike",R,1,205629
MI,08,Suzanna,Shkreli,suzanna shkreli,"Shkreli, Suzanna  #",D,0,143791
MI,08,Jeff,Wood,jeff wood,"Wood, Jeff",OTHER,0,9619
MI,08,Maria,Green,maria green,"Green, Maria",OTHER,0,5679
MI,08,Jeremy,Burgess,jeremy burgess,"Burgess, Jeremy",OTHER,0,2250
MI,09,Sander,Levin,sander levin,"Levin, Sander",D,1,199661
MI,09,Christopher R.,Morse,christopher morse,"Morse, Christopher R.",R,0,128937
MI,09,Matthew,Orlando,matthew orlando,"Orlando, Matthew",OTHER,0,9563
MI,09,John V.,McDermott,john mcdermott,"McDermott, John V.",OTHER,0,6614
MI,10,Paul ,Mitchell,paul mitchell,"Mitchell, Paul ",R,0,215132
MI,10,"Frank, Jr.",Accavitti,frank accavitti,"Accavitti, Frank, Jr.",D,0,110112
MI,10,Lisa Lane,Gioia,lisa gioia,"Gioia, Lisa Lane",OTHER,0,10612
MI,10,Benjamin,Nofs,benjamin nofs,"Nofs, Benjamin",OTHER,0,5127
MI,11,David A.,Trott,david trott,"Trott, David A.",R,1,200872
MI,11,Anil ,Kumar,anil kumar,"Kumar, Anil ",D,0,152461
MI,11,Kerry,Bentivolio,kerry bentivolio,"Bentivolio, Kerry",OTHER,0,16610
MI,11,Jonathan Ray,Osment,jonathan osment,"Osment, Jonathan Ray",OTHER,0,9545
MI,12,Debbie,Dingell,debbie dingell,"Dingell, Debbie",D,1,211378
MI,12,Jeff,Jones,jeff jones,"Jones, Jeff",R,0,96104
MI,12,Gary,Walkowicz,gary walkowicz,"Walkowicz, Gary",OTHER,0,9183
MI,12,Tom,Bagwell,tom bagwell,"Bagwell, Tom",OTHER,0,7489
MI,12,Dylan,Calewarts,dylan calewarts,"Calewarts, Dylan",OTHER,0,4377
MI,12,Ejaz,Virk,ejaz virk,"Virk, Ejaz",OTHER,0,11
MI,13,"John, Jr.",Conyers,john conyers,"Conyers, John, Jr.",D,1,198771
MI,13,Jeff,Gorman,jeff gorman,"Gorman, Jeff",R,0,40541
MI,13,Tiffany,Hayden,tiffany hayden,"Hayden, Tiffany",OTHER,0,9648
MI,13,Sam,Johnson,sam johnson,"Johnson, Sam",OTHER,0,8835
MI,13,Clyde Darnell,Lynch,clyde lynch,"Lynch, Clyde Darnell",OTHER,0,2
MI,14,Brenda L.,Lawrence,brenda lawrence,"Lawrence, Brenda L.",D,1,244135
MI,14,Howard,Klausner,howard klausner,"Klausner, Howard",R,0,58103
MI,14,Gregory,Creswell,gregory creswell,"Creswell, Gregory",OTHER,0,4893
MI,14,Marcia,Squier,marcia squier,"Squier, Marcia",OTHER,0,3843
MN,01,Tim ,Walz,tim walz,"Walz, Tim ",D,1,169074
MN,01,Jim,Hagedorn,jim hagedorn,"Hagedorn, Jim",R,0,166526
MN,02,Jason,Lewis,jason lewis,"Lewis, Jason",R,0,173970
MN,02,Angie ,Craig,angie craig,"Craig, Angie ",D,0,167315
MN,02,Paula,Overby,paula overby,"Overby, Paula",OTHER,0,28869
MN,03,Erik,Paulsen,erik paulsen,"Paulsen, Erik",R,1,223077
MN,03,Terri E.,Bonoff,terri bonoff,"Bonoff, Terri E.",D,0,169243
MN,04,Betty ,McCollum,betty mccollum,"McCollum, Betty ",D,1,203299
MN,04,Greg,Ryan,greg ryan,"Ryan, Greg",R,0,121032
MN,04,Susan Pendergast,Sindt,susan sindt,"Sindt, Susan Pendergast",OTHER,0,27152
MN,05,Keith,Ellison,keith ellison,"Ellison, Keith",D,1,249964
MN,05,Frank Nelson,Drake,frank drake,"Drake, Frank Nelson",R,0,80660
MN,05,Dennis,Schuller,dennis schuller,"Schuller, Dennis",OTHER,0,30759
MN,06,Tom,Emmer,tom emmer,"Emmer, Tom",R,1,235380
MN,06,David,Snyder,david snyder,"Snyder, David",D,0,123008
MN,07,Collin,Peterson,collin peterson,"Peterson, Collin",D,1,173589
MN,07,Dave,Hughes,dave hughes,"Hughes, Dave",R,0,156952
MN,08,Rick ,Nolan,rick nolan,"Nolan, Rick ",D,1,179098
MN,08,Stewart,Mills,stewart mills,"Mills, Stewart",R,0,177089
MS,01,Trent,Kelly,trent kelly,"Kelly, Trent",R,1,206455
MS,01,Jacob,Owens,jacob owens,"Owens, Jacob",D,0,83947
MS,01,Chase,Wilson,chase wilson,"Wilson, Chase",OTHER,0,6181
MS,01,Cathy L.,Toole,cathy toole,"Toole, Cathy L.",OTHER,0,3840
MS,02,Bennie,Thompson,bennie thompson,"Thompson, Bennie",D,1,192343
MS,02,"John, II",Bouie,john bouie,"Bouie, John, II",R,0,83542
MS,02,Troy,Ray,troy ray,"Ray, Troy",OTHER,0,6918
MS,02,Johnny,McLeod,johnny mcleod,"McLeod, Johnny",OTHER,0,3823
MS,03,Gregg,Harper,gregg harper,"Harper, Gregg",R,1,209490
MS,03,Dennis,Quinn,dennis quinn,"Quinn, Dennis",D,0,96101
MS,03,Roger I.,Gerrard,roger gerrard,"Gerrard, Roger I.",OTHER,0,8696
MS,03,Lajena,Sheets,lajena sheets,"Sheets, Lajena",OTHER,0,2158
MS,04,Steven,Palazzo,steven palazzo,"Palazzo, Steven",R,1,181323
MS,04,Mark,Gladney,mark gladney,"Gladney, Mark",D,0,77505
MS,04,Richard Blake,McCluskey,richard mccluskey,"McCluskey, Richard Blake",OTHER,0,14687
MS,04,Shawn,O'Hara,shawn ohara,"O'Hara, Shawn",OTHER,0,5264
MO,01,Lacy ,Clay,lacy clay,"Clay, Lacy ",D,1,236993
MO,01,Steven G. ,Bailey,steven bailey,"Bailey, Steven G. ",R,0,62714
MO,01,Robb E.,Cunningham,robb cunningham,"Cunningham, Robb E.",OTHER,0,14317
MO,02,Ann ,Wagner,ann wagner,"Wagner, Ann ",R,1,241954
MO,02,Bill,Otto,bill otto,"Otto, Bill",D,0,155689
MO,02,Jim ,Higgins,jim higgins,"Higgins, Jim ",OTHER,0,11758
MO,02,David Justus,Arnold,david arnold,"Arnold, David Justus",OTHER,0,3895
MO,03,Blaine,Luetkemeyer,blaine luetkemeyer,"Luetkemeyer, Blaine",R,1,249865
MO,03,Kevin ,Miller,kevin miller,"Miller, Kevin ",D,0,102891
MO,03,Dan ,Hogan,dan hogan,"Hogan, Dan ",OTHER,0,11962
MO,03,Doanita,Simmons,doanita simmons,"Simmons, Doanita",OTHER,0,3605
MO,03,Harold,Davis,harold davis,"Davis, Harold",OTHER,0,10
MO,04,Vicky,Hartzler,vicky hartzler,"Hartzler, Vicky",R,1,225348
MO,04,Gordon,Christensen,gordon christensen,"Christensen, Gordon",D,0,92510
MO,04,Mark ,Bliss,mark bliss,"Bliss, Mark ",OTHER,0,14376
MO,05,"Emanuel, II",Cleaver,emanuel cleaver,"Cleaver, Emanuel, II",D,1,190766
MO,05,Jacob ,Turk,jacob turk,"Turk, Jacob ",R,0,123771
MO,05,Roy ,Welborn,roy welborn,"Welborn, Roy ",OTHER,0,9733
MO,06,Sam,Graves,sam graves,"Graves, Sam",R,1,238388
MO,06,David M. ,Blackwell,david blackwell,"Blackwell, David M. ",D,0,99692
MO,06,Russ Lee,Monchil,russ monchil,"Monchil, Russ Lee",OTHER,0,8123
MO,06,Mike,Diel,mike diel,"Diel, Mike",OTHER,0,4241
MO,07,Billy ,Long,billy long,"Long, Billy ",R,1,228692
MO,07,Genevieve (Gen),Williams,genevieve williams,"Williams, Genevieve (Gen)",D,0,92756
MO,07,Benjamin T.,Brixey,benjamin brixey,"Brixey, Benjamin T.",OTHER,0,17153
MO,07,Amber,Thomsen,amber thomsen,"Thomsen, Amber",OTHER,0,6
MO,08,Jason ,Smith,jason smith,"Smith, Jason ",R,1,229792
MO,08,Dave,Cowell,dave cowell,"Cowell, Dave",D,0,70009
MO,08,Jonathan ,Shell,jonathan shell,"Shell, Jonathan ",OTHER,0,9070
MT,00,Ryan,Zinke,ryan zinke,"Zinke, Ryan",R,1,285358
MT,00,Denise,Juneau,denise juneau,"Juneau, Denise",D,0,205919
MT,00,Rick,Breckenridge,rick breckenridge,"Breckenridge, Rick  #",OTHER,0,16554
NE,01,Jeff,Fortenberry,jeff fortenberry,"Fortenberry, Jeff",R,1,189771
NE,01,Daniel M.,Wik,daniel wik,"Wik, Daniel M.",D,0,83467
NE,02,Don,Bacon,don bacon,"Bacon, Don",R,0,141066
NE,02,Brad,Ashford,brad ashford,"Ashford, Brad",D,1,137602
NE,02,Steven,Laird,steven laird,"Laird, Steven",OTHER,0,9640
NE,03,Adrian,Smith,adrian smith,"Smith, Adrian",R,1,226720
NV,01,Dina,Titus,dina titus,"Titus, Dina",D,1,116537
NV,01,Mary,Perry,mary perry,"Perry, Mary",R,0,54174
NV,01,Reuben,D'Silva,reuben dsilva,"D'Silva, Reuben",OTHER,0,13897
NV,01,Kamau A. ,Bakari,kamau bakari,"Bakari, Kamau A. ",OTHER,0,3744
NV,02,Mark E.,Amodei,mark amodei,"Amodei, Mark E.",R,1,182676
NV,02,"H. D. ""Chip""",Evans,h evans,"Evans, H. D. ""Chip""",D,0,115722
NV,02,John H.,Everhart,john everhart,"Everhart, John H.",OTHER,0,8693
NV,02,Drew ,Knight,drew knight,"Knight, Drew ",OTHER,0,6245
NV,03,Jacky,Rosen,jacky rosen,"Rosen, Jacky",D,0,146869
NV,03,Danny,Tarkanian,danny tarkanian,"Tarkanian, Danny",R,0,142926
NV,03,Warren,Markowitz,warren markowitz,"Markowitz, Warren",OTHER,0,11602
NV,03,David,Goossen,david goossen,"Goossen, David",OTHER,0,9566
NV,04,Ruben,Kihuen,ruben kihuen,"Kihuen, Ruben",D,0,128985
NV,04,Cresent,Hardy,cresent hardy,"Hardy, Cresent",R,1,118328
NV,04,Steve,Brown,steve brown,"Brown, Steve",OTHER,0,10206
NV,04,Mike ,Little,mike little,"Little, Mike ",OTHER,0,8327
NH,01,Carol ,Shea-Porter,carol sheaporter,"Shea-Porter, Carol ",D,1,162080
NH,01,Frank,Guinta,frank guinta,"Guinta, Frank",R,0,157176
NH,01,Rich,Ashooh,rich ashooh,"Ashooh, Rich",OTHER,0,55
NH,01,Shawn P.,O'Connor,shawn oconnor,"O'Connor, Shawn P.",OTHER,0,34735
NH,01,Brendan,Kelly,brendan kelly,"Kelly, Brendan",OTHER,0,6074
NH,01,Robert,Lombardo,robert lombardo,"Lombardo, Robert",OTHER,0,5507
NH,01,John,Potucek,john potucek,"Potucek, John",OTHER,0,163
NH,02,Ann McLane,Kuster,ann kuster,"Kuster, Ann McLane",D,1,174495
NH,02,Jim,Lawrence,jim lawrence,"Lawrence, Jim",R,0,158973
NH,02,John J.,Babiarz,john babiarz,"Babiarz, John J.",OTHER,0,17088
NJ,01,Donald W.,Norcross,donald norcross,"Norcross, Donald W.",D,1,183231
NJ,01,Bob,Patterson,bob patterson,"Patterson, Bob",R,0,112388
NJ,01,Scot John,Tomaszewski,scot tomaszewski,"Tomaszewski, Scot John",OTHER,0,5473
NJ,01,"William F., IV",Sihr,william sihr,"Sihr, William F., IV",OTHER,0,2410
NJ,01,Michael ,Berman,michael berman,"Berman, Michael ",OTHER,0,1971
NJ,02,Frank A.,LoBiondo,frank lobiondo,"LoBiondo, Frank A.",R,1,176338
NJ,02,David H.,Cole,david cole,"Cole, David H.",D,0,110838
NJ,02,John,Ordille,john ordille,"Ordille, John",OTHER,0,3773
NJ,02,James,Keenan,james keenan,"Keenan, James",OTHER,0,2653
NJ,02,Steven,Fenichel,steven fenichel,"Fenichel, Steven",OTHER,0,1574
NJ,02,Eric,Beechwood,eric beechwood,"Beechwood, Eric",OTHER,0,1387
NJ,02,Gabriel Brian,Franco,gabriel franco,"Franco, Gabriel Brian",OTHER,0,1232
NJ,03,Tom,MacArthur,tom macarthur,"MacArthur, Tom",R,1,194596
NJ,03,Frederick John,LaVergne,frederick lavergne,"LaVergne, Frederick John",D,0,127526
NJ,03,"Lawrence W., Jr.",Berlinski,lawrence berlinski,"Berlinski, Lawrence W., Jr.",OTHER,0,5938
NJ,04,Christopher H.,Smith,christopher smith,"Smith, Christopher H.",R,1,211992
NJ,04,Lorna,Phillipson,lorna phillipson,"Phillipson, Lorna",D,0,111532
NJ,04,Hank,Schroeder,hank schroeder,"Schroeder, Hank",OTHER,0,5840
NJ,04,Jeremy,Marcus,jeremy marcus,"Marcus, Jeremy",OTHER,0,3320
NJ,05,Joshua S.,Gottheimer,joshua gottheimer,"Gottheimer, Joshua S.",D,0,172587
NJ,05,Scott,Garrett,scott garrett,"Garrett, Scott",R,1,157690
NJ,05,Claudio,Belusic,claudio belusic,"Belusic, Claudio",OTHER,0,7424
NJ,06,"Frank, Jr.",Pallone,frank pallone,"Pallone, Frank, Jr.",D,1,167895
NJ,06,Brent,Sonnek-Schmelz,brent sonnekschmelz,"Sonnek-Schmelz, Brent",R,0,91908
NJ,06,Rajit B.,Malliah,rajit malliah,"Malliah, Rajit B.",OTHER,0,1912
NJ,06,Judith ,Shamy,judith shamy,"Shamy, Judith ",OTHER,0,1720
NJ,07,Leonard,Lance,leonard lance,"Lance, Leonard",R,1,185850
NJ,07,Peter,Jacob,peter jacob,"Jacob, Peter",D,0,148188
NJ,07,Dan,O'Neill,dan oneill,"O'Neill, Dan",OTHER,0,5343
NJ,07,"Arthur T., Jr.",Haussmann,arthur haussmann,"Haussmann, Arthur T., Jr.",OTHER,0,4254
NJ,08,Albio,Sires,albio sires,"Sires, Albio",D,1,134733
NJ,08,Agha,Khan,agha khan,"Khan, Agha",R,0,32337
NJ,08,Pablo ,Olivera,pablo olivera,"Olivera, Pablo ",OTHER,0,4381
NJ,08,Dan,Delaney,dan delaney,"Delaney, Dan",OTHER,0,3438
NJ,09,"Bill, Jr.",Pascrell,bill pascrell,"Pascrell, Bill, Jr.",D,1,162642
NJ,09,Hector L.,Castillo,hector castillo,"Castillo, Hector L.",R,0,65376
NJ,09,Diego,Rivera,diego rivera,"Rivera, Diego",OTHER,0,3327
NJ,09,Jeff,Boss,jeff boss,"Boss, Jeff",OTHER,0,1897
NJ,10,"Donald M., Jr.",Payne,donald payne,"Payne, Donald M., Jr.",D,1,190856
NJ,10,David H.,Pinckney,david pinckney,"Pinckney, David H.",R,0,26450
NJ,10,Joanne,Miller,joanne miller,"Miller, Joanne",OTHER,0,3719
NJ,10,Aaron Walter,Fraser,aaron fraser,"Fraser, Aaron Walter",OTHER,0,1746
NJ,11,Rodney P.,Frelinghuysen,rodney frelinghuysen,"Frelinghuysen, Rodney P.",R,1,194299
NJ,11,Joseph M.,Wenzel,joseph wenzel,"Wenzel, Joseph M.",D,0,130162
NJ,11,Thomas,Depasquale,thomas depasquale,"Depasquale, Thomas",OTHER,0,7056
NJ,11,Jeff,Hetrick,jeff hetrick,"Hetrick, Jeff",OTHER,0,3475
NJ,12,Bonnie Watson,Coleman,bonnie coleman,"Coleman, Bonnie Watson",D,1,181430
NJ,12,Steven J.,Uccio,steven uccio,"Uccio, Steven J.",R,0,92407
NJ,12,R. Edward,Forchion,r forchion,"Forchion, R. Edward",OTHER,0,6094
NJ,12,Robert,Shapiro,robert shapiro,"Shapiro, Robert",OTHER,0,2775
NJ,12,Thomas ,Fitzpatrick,thomas fitzpatrick,"Fitzpatrick, Thomas ",OTHER,0,2482
NJ,12,Steven  ,Welzer,steven welzer,"Welzer, Steven  ",OTHER,0,2135
NJ,12,Michael R.,Bollentin,michael bollentin,"Bollentin, Michael R.",OTHER,0,1311
NM,01,Michelle,Lujan Grisham,michelle lujan grisham,"Lujan Grisham, Michelle",D,1,181088
NM,01,Richard Gregory,Priem,richard priem,"Priem, Richard Gregory",R,0,96879
NM,02,Steve,Pearce,steve pearce,"Pearce, Steve",R,1,143515
NM,02,Merrie Lee,Soules,merrie soules,"Soules, Merrie Lee",D,0,85232
NM,02,Jack A.,McGrann,jack mcgrann,"McGrann, Jack A.",OTHER,0,70
NM,03,Ben R,Lujan,ben lujan,"Lujan, Ben R",D,1,170612
NM,03,Michael H.,Romero,michael romero,"Romero, Michael H.",R,0,102730
NY,01,Lee M.,Zeldin,lee zeldin,"Zeldin, Lee M.",R,1,158409
NY,01,Lee M.,Zeldin,lee zeldin,"Zeldin, Lee M.",OTHER,1,23327
NY,01,Lee M.,Zeldin,lee zeldin,"Zeldin, Lee M.",OTHER,1,843
NY,01,Lee M.,Zeldin,lee zeldin,"Zeldin, Lee M.",OTHER,1,5920
NY,01,Anna E.,Throne-Holst,anna throneholst,"Throne-Holst, Anna E.",D,0,126635
NY,01,Anna E.,Throne-Holst,anna throneholst,"Throne-Holst, Anna E.",OTHER,0,2496
NY,01,Anna E.,Throne-Holst,anna throneholst,"Throne-Holst, Anna E.",OTHER,0,6147
NY,02,Peter T. ,King,peter king,"King, Peter T. ",OTHER,1,157571
NY,02,Peter T. ,King,peter king,"King, Peter T. ",OTHER,0,21810
NY,02,Peter T. ,King,peter king,"King, Peter T. ",OTHER,0,2125
NY,02,Du Wayne,Gregory,du gregory,"Gregory, Du Wayne",D,0,102270
NY,02,Du Wayne,Gregory,du gregory,"Gregory, Du Wayne",OTHER,0,3213
NY,02,Du Wayne,Gregory,du gregory,"Gregory, Du Wayne",OTHER,0,1438
NY,02,Du Wayne,Gregory,du gregory,"Gregory, Du Wayne",OTHER,0,4017
NY,03,Thomas R.,Suozzi,thomas suozzi,"Suozzi, Thomas R.",D,0,171775
NY,03,Jack M.,Martins,jack martins,"Martins, Jack M.",R,0,133954
NY,03,Jack M.,Martins,jack martins,"Martins, Jack M.",OTHER,0,1940
NY,03,Jack M.,Martins,jack martins,"Martins, Jack M.",OTHER,0,16410
NY,04,Kathleen M.,Rice,kathleen rice,"Rice, Kathleen M.",D,1,181861
NY,04,Kathleen M.,Rice,kathleen rice,"Rice, Kathleen M.",OTHER,1,4562
NY,04,David H.,Gurfein,david gurfein,"Gurfein, David H.",OTHER,0,111246
NY,04,David H.,Gurfein,david gurfein,"Gurfein, David H.",OTHER,0,14137
NY,04,David H.,Gurfein,david gurfein,"Gurfein, David H.",OTHER,0,1055
NY,05,Gregory W.,Meeks,gregory meeks,"Meeks, Gregory W.",D,1,197852
NY,05,Gregory W.,Meeks,gregory meeks,"Meeks, Gregory W.",OTHER,1,1963
NY,05,Michael A.,O'Reilly,michael oreilly,"O'Reilly, Michael A.",R,0,26791
NY,05,Michael A.,O'Reilly,michael oreilly,"O'Reilly, Michael A.",OTHER,0,3521
NY,05,Frank,Francois,frank francois,"Francois, Frank",OTHER,0,3587
NY,06,Grace ,Meng,grace meng,"Meng, Grace ",D,1,131463
NY,06,Grace ,Meng,grace meng,"Meng, Grace ",OTHER,1,5043
NY,06,Danniel S.,Maio,danniel maio,"Maio, Danniel S.",R,0,43770
NY,06,Danniel S.,Maio,danniel maio,"Maio, Danniel S.",OTHER,0,1972
NY,06,Danniel S.,Maio,danniel maio,"Maio, Danniel S.",OTHER,0,4875
NY,06,Haris,Bhatti,haris bhatti,"Bhatti, Haris",OTHER,0,2123
NY,07,Nydia M.,Velazquez,nydia velazquez,"Velazquez, Nydia M.",D,1,165819
NY,07,Nydia M.,Velazquez,nydia velazquez,"Velazquez, Nydia M.",OTHER,1,6327
NY,07,Allan E.,Romaguera,allan romaguera,"Romaguera, Allan E.",R,0,14941
NY,07,Allan E.,Romaguera,allan romaguera,"Romaguera, Allan E.",OTHER,0,2537
NY,08,Hakeem S.,Jeffries,hakeem jeffries,"Jeffries, Hakeem S.",D,1,203235
NY,08,Hakeem S.,Jeffries,hakeem jeffries,"Jeffries, Hakeem S.",OTHER,1,11360
NY,08,Daniel J.,Cavanagh,daniel cavanagh,"Cavanagh, Daniel J.",OTHER,0,15401
NY,09,Yvette D.,Clarke,yvette clarke,"Clarke, Yvette D.",D,1,198886
NY,09,Yvette D.,Clarke,yvette clarke,"Clarke, Yvette D.",OTHER,1,15303
NY,09,Alan,Bellone,alan bellone,"Bellone, Alan",OTHER,0,17576
NY,10,Jerrold L.,Nadler,jerrold nadler,"Nadler, Jerrold L.",D,1,180117
NY,10,Jerrold L.,Nadler,jerrold nadler,"Nadler, Jerrold L.",OTHER,1,10471
NY,10,Jerrold L.,Nadler,jerrold nadler,"Nadler, Jerrold L.",OTHER,1,1783
NY,10,Philip,Rosenthal,philip rosenthal,"Rosenthal, Philip",R,0,46275
NY,10,Philip,Rosenthal,philip rosenthal,"Rosenthal, Philip",OTHER,0,4646
NY,10,Philip,Rosenthal,philip rosenthal,"Rosenthal, Philip",OTHER,0,2093
NY,10,Philip,Rosenthal,philip rosenthal,"Rosenthal, Philip",OTHER,0,843
NY,11,Dan,Donovan,dan donovan,"Donovan, Dan",R,1,122606
NY,11,Dan,Donovan,dan donovan,"Donovan, Dan",OTHER,1,12824
NY,11,Dan,Donovan,dan donovan,"Donovan, Dan",OTHER,1,5636
NY,11,Dan,Donovan,dan donovan,"Donovan, Dan",OTHER,1,1868
NY,11,Richard A.,Reichard,richard reichard,"Reichard, Richard A.",D,0,85257
NY,11,Henry J.,Bardel,henry bardel,"Bardel, Henry J.",OTHER,0,3906
NY,12,Carolyn B.,Maloney,carolyn maloney,"Maloney, Carolyn B.",D,1,230153
NY,12,Carolyn B.,Maloney,carolyn maloney,"Maloney, Carolyn B.",OTHER,1,14205
NY,12,Robert,Ardini,robert ardini,"Ardini, Robert",R,0,49399
NY,13,Adriano,Espaillat,adriano espaillat,"Espaillat, Adriano",D,0,207194
NY,13,"Robert A., Jr.",Evans,robert evans,"Evans, Robert A., Jr.",R,0,13129
NY,13,"Robert A., Jr.",Evans,robert evans,"Evans, Robert A., Jr.",OTHER,0,2960
NY,13,Daniel Vila,Rivera,daniel rivera,"Rivera, Daniel Vila",OTHER,0,8248
NY,13,Scott Lloyd,Fenstermaker,scott fenstermaker,"Fenstermaker, Scott Lloyd",OTHER,0,1877
NY,14,Joseph,Crowley,joseph crowley,"Crowley, Joseph",D,1,138367
NY,14,Joseph,Crowley,joseph crowley,"Crowley, Joseph",OTHER,1,1903
NY,14,Joseph,Crowley,joseph crowley,"Crowley, Joseph",OTHER,1,7317
NY,14,Frank J.,Spotorno,frank spotorno,"Spotorno, Frank J.",R,0,26891
NY,14,Frank J.,Spotorno,frank spotorno,"Spotorno, Frank J.",OTHER,0,3654
NY,15,Jose E.,Serrano,jose serrano,"Serrano, Jose E.",D,1,165688
NY,15,Alejandro,Vega,alejandro vega,"Vega, Alejandro",R,0,6129
NY,15,Eduardo,Ramirez,eduardo ramirez,"Ramirez, Eduardo",OTHER,0,2104
NY,16,Eliot L.,Engel,eliot engel,"Engel, Eliot L.",D,1,198811
NY,16,Eliot L.,Engel,eliot engel,"Engel, Eliot L.",OTHER,1,2528
NY,16,Eliot L.,Engel,eliot engel,"Engel, Eliot L.",OTHER,1,8518
NY,16,Derickson K.,Lawrence,derickson lawrence,"Lawrence, Derickson K.",OTHER,0,11825
NY,17,Nita M.,Lowey,nita lowey,"Lowey, Nita M.",D,1,193819
NY,17,Nita M.,Lowey,nita lowey,"Lowey, Nita M.",OTHER,1,5005
NY,17,Nita M.,Lowey,nita lowey,"Lowey, Nita M.",OTHER,1,15706
NY,18,Sean Patrick,Maloney,sean maloney,"Maloney, Sean Patrick",D,1,140951
NY,18,Sean Patrick,Maloney,sean maloney,"Maloney, Sean Patrick",OTHER,1,10356
NY,18,Sean Patrick,Maloney,sean maloney,"Maloney, Sean Patrick",OTHER,1,1982
NY,18,Sean Patrick,Maloney,sean maloney,"Maloney, Sean Patrick",OTHER,1,8771
NY,18,Phil,Oliva,phil oliva,"Oliva, Phil",R,0,111117
NY,18,Phil,Oliva,phil oliva,"Oliva, Phil",OTHER,0,16968
NY,18,Phil,Oliva,phil oliva,"Oliva, Phil",OTHER,0,1284
NY,19,John J.,Faso,john faso,"Faso, John J.",R,0,135905
NY,19,John J.,Faso,john faso,"Faso, John J.",OTHER,0,21353
NY,19,John J.,Faso,john faso,"Faso, John J.",OTHER,0,8028
NY,19,John J.,Faso,john faso,"Faso, John J.",OTHER,0,885
NY,19,Zephyr,Teachout,zephyr teachout,"Teachout, Zephyr",D,0,125956
NY,19,Zephyr,Teachout,zephyr teachout,"Teachout, Zephyr",OTHER,0,15268
NY,20,Paul D.,Tonko,paul tonko,"Tonko, Paul D.",D,1,188426
NY,20,Paul D.,Tonko,paul tonko,"Tonko, Paul D.",OTHER,1,10929
NY,20,Paul D.,Tonko,paul tonko,"Tonko, Paul D.",OTHER,1,10626
NY,20,Paul D.,Tonko,paul tonko,"Tonko, Paul D.",OTHER,1,3037
NY,20,Joe,Vitollo,joe vitollo,"Vitollo, Joe",R,0,83321
NY,20,Joe,Vitollo,joe vitollo,"Vitollo, Joe",OTHER,0,15911
NY,20,Joe,Vitollo,joe vitollo,"Vitollo, Joe",OTHER,0,1508
NY,21,Elise M.,Stefanik,elise stefanik,"Stefanik, Elise M.",R,1,152597
NY,21,Elise M.,Stefanik,elise stefanik,"Stefanik, Elise M.",OTHER,1,15526
NY,21,Elise M.,Stefanik,elise stefanik,"Stefanik, Elise M.",OTHER,1,8799
NY,21,Elise M.,Stefanik,elise stefanik,"Stefanik, Elise M.",OTHER,1,964
NY,21,Mike,Derrick,mike derrick,"Derrick, Mike",D,0,75965
NY,21,Mike,Derrick,mike derrick,"Derrick, Mike",OTHER,0,6196
NY,21,Matthew J.,Funiciello,matthew funiciello,"Funiciello, Matthew J.",OTHER,0,12452
NY,22,Claudia,Tenney,claudia tenney,"Tenney, Claudia",R,0,113287
NY,22,Claudia,Tenney,claudia tenney,"Tenney, Claudia",OTHER,0,16157
NY,22,Kim A.,Myers,kim myers,"Myers, Kim A.",D,0,102734
NY,22,Kim A.,Myers,kim myers,"Myers, Kim A.",OTHER,0,11532
NY,22,Martin (Opportunity to Ballot),Babinec,martin babinec,"Babinec, Martin (Opportunity to Ballot)",OTHER,0,24595
NY,22,Martin,Babinec,martin babinec,"Babinec, Martin",OTHER,0,10043
NY,23,"Thomas W., II",Reed,thomas reed,"Reed, Thomas W., II",R,1,136964
NY,23,"Thomas W., II",Reed,thomas reed,"Reed, Thomas W., II",OTHER,1,16420
NY,23,"Thomas W., II",Reed,thomas reed,"Reed, Thomas W., II",OTHER,1,876
NY,23,"Thomas W., II",Reed,thomas reed,"Reed, Thomas W., II",OTHER,1,6790
NY,23,John F.,Plumb,john plumb,"Plumb, John F.",D,0,106600
NY,23,John F.,Plumb,john plumb,"Plumb, John F.",OTHER,0,11984
NY,24,John M.,Katko,john katko,"Katko, John M.",R,1,150330
NY,24,John M.,Katko,john katko,"Katko, John M.",OTHER,1,20399
NY,24,John M.,Katko,john katko,"Katko, John M.",OTHER,1,10931
NY,24,John M.,Katko,john katko,"Katko, John M.",OTHER,1,1101
NY,24,Colleen,Deacon,colleen deacon,"Deacon, Colleen",D,0,110550
NY,24,Colleen,Deacon,colleen deacon,"Deacon, Colleen",OTHER,0,8490
NY,25,Louise M.,Slaughter,louise slaughter,"Slaughter, Louise M.",D,1,168660
NY,25,Louise M.,Slaughter,louise slaughter,"Slaughter, Louise M.",OTHER,1,4095
NY,25,Louise M.,Slaughter,louise slaughter,"Slaughter, Louise M.",OTHER,1,10195
NY,25,Mark W.,Assini,mark assini,"Assini, Mark W.",R,0,113840
NY,25,Mark W.,Assini,mark assini,"Assini, Mark W.",OTHER,0,20883
NY,25,Mark W.,Assini,mark assini,"Assini, Mark W.",OTHER,0,6856
NY,25,Mark W.,Assini,mark assini,"Assini, Mark W.",OTHER,0,1071
NY,26,Brian,Higgins,brian higgins,"Higgins, Brian",D,1,195322
NY,26,Brian,Higgins,brian higgins,"Higgins, Brian",OTHER,1,3829
NY,26,Brian,Higgins,brian higgins,"Higgins, Brian",OTHER,1,16138
NY,26,Shelly,Schratz,shelly schratz,"Schratz, Shelly",R,0,56930
NY,26,Shelly,Schratz,shelly schratz,"Schratz, Shelly",OTHER,0,16447
NY,27,Chris,Collins,chris collins,"Collins, Chris",R,1,175509
NY,27,Chris,Collins,chris collins,"Collins, Chris",OTHER,1,34292
NY,27,Chris,Collins,chris collins,"Collins, Chris",OTHER,1,9995
NY,27,Chris,Collins,chris collins,"Collins, Chris",OTHER,1,1089
NY,27,Diana K.,Kastenbaum,diana kastenbaum,"Kastenbaum, Diana K.",D,0,107832
NC,01,G. K.,Butterfield,g butterfield,"Butterfield, G. K.",D,1,240661
NC,01,"H. Powell, Jr.",Dew,h dew,"Dew, H. Powell, Jr.",R,0,101567
NC,01,J.J.,Summerell,jj summerell,"Summerell, J.J.",OTHER,0,8471
NC,02,George,Holding,george holding,"Holding, George",R,1,221485
NC,02,John P.,McNeil,john mcneil,"McNeil, John P.",D,0,169082
NC,03,Walter B.,Jones,walter jones,"Jones, Walter B.",R,1,217531
NC,03,Ernest T.,Reeves,ernest reeves,"Reeves, Ernest T.",D,0,106170
NC,04,David,Price,david price,"Price, David",D,1,279380
NC,04,Sue,Googe,sue googe,"Googe, Sue",R,0,130161
NC,05,Virginia,Foxx,virginia foxx,"Foxx, Virginia",R,1,207625
NC,05,Josh,Brannon,josh brannon,"Brannon, Josh",D,0,147887
NC,06,B. Mark,Walker,b walker,"Walker, B. Mark",R,1,207983
NC,06,Pete,Glidewell,pete glidewell,"Glidewell, Pete",D,0,143167
NC,07,David,Rouzer,david rouzer,"Rouzer, David",R,1,211801
NC,07,J. Wesley,Casteen,j casteen,"Casteen, J. Wesley",D,0,135905
NC,08,Richard,Hudson,richard hudson,"Hudson, Richard",R,1,189863
NC,08,Thomas,Mills,thomas mills,"Mills, Thomas",D,0,133182
NC,09,Robert,Pittenger,robert pittenger,"Pittenger, Robert",R,1,193452
NC,09,Christian,Cano,christian cano,"Cano, Christian",D,0,139041
NC,10,Patrick,McHenry,patrick mchenry,"McHenry, Patrick",R,1,220825
NC,10,Andy,Millard,andy millard,"Millard, Andy",D,0,128919
NC,11,Mark,Meadows,mark meadows,"Meadows, Mark",R,1,230405
NC,11,Rick,Bryson,rick bryson,"Bryson, Rick",D,0,129103
NC,12,Alma,Adams,alma adams,"Adams, Alma",D,1,234115
NC,12,Leon,Threatt,leon threatt,"Threatt, Leon",R,0,115185
NC,13,Ted,Budd,ted budd,"Budd, Ted",R,0,199443
NC,13,Bruce,Davis,bruce davis,"Davis, Bruce",D,0,156049
ND,00,Kevin,Cramer,kevin cramer,"Cramer, Kevin",R,1,233980
ND,00,Chase,Iron Eyes,chase iron eyes,"Iron Eyes, Chase",OTHER,0,80377
ND,00,Jack,Seaman,jack seaman,"Seaman, Jack",OTHER,0,23528
MP,00,Gregorio Kilili Camacho,Sablan,gregorio sablan,"Sablan, Gregorio Kilili Camacho",OTHER,1,10605
OH,01,Steve,Chabot,steve chabot,"Chabot, Steve",R,1,210014
OH,01,Michele,Young,michele young,"Young, Michele",D,0,144644
OH,01,Sholom D.,Keller,sholom keller,"Keller, Sholom D.",OTHER,0,114
OH,01,Kiumars G.,Kiani,kiumars kiani,"Kiani, Kiumars G.",OTHER,0,16
OH,02,Brad ,Wenstrup,brad wenstrup,"Wenstrup, Brad ",R,1,221193
OH,02,William R. ,Smith,william smith,"Smith, William R. ",D,0,111694
OH,02,Janet,Everhard,janet everhard,"Everhard, Janet",OTHER,0,7392
OH,03,Joyce,Beatty,joyce beatty,"Beatty, Joyce",D,1,199791
OH,03,John,Adams,john adams,"Adams, John",R,0,91560
OH,04,Jim,Jordan,jim jordan,"Jordan, Jim",R,1,210227
OH,04,Janet,Garrett,janet garrett,"Garrett, Janet",D,0,98981
OH,05,Bob,Latta,bob latta,"Latta, Bob",R,1,244599
OH,05,"James, Jr.",Neu,james neu,"Neu, James, Jr.",D,0,100392
OH,06,Bill,Johnson,bill johnson,"Johnson, Bill",R,1,213975
OH,06,Michael L.,Lorentz,michael lorentz,"Lorentz, Michael L.",D,0,88780
OH,07,Bob ,Gibbs,bob gibbs,"Gibbs, Bob ",R,1,198221
OH,07,Roy ,Rich,roy rich,"Rich, Roy ",D,0,89638
OH,07,Dan,Phillip,dan phillip,"Phillip, Dan",OTHER,0,21694
OH,08,Warren,Davidson,warren davidson,"Davidson, Warren  #",R,0,223833
OH,08,Steven,Fought,steven fought,"Fought, Steven  ##",D,0,87794
OH,08,Derrick James,Hendricks,derrick hendricks,"Hendricks, Derrick James",OTHER,0,13879
OH,09,Marcy,Kaptur,marcy kaptur,"Kaptur, Marcy",D,1,193966
OH,09,Donald P.,Larson,donald larson,"Larson, Donald P.",R,0,88427
OH,09,George A.,Skalsky,george skalsky,"Skalsky, George A.",OTHER,0,5
OH,10,Mike ,Turner,mike turner,"Turner, Mike ",R,1,215724
OH,10,Robert ,Klepinger,robert klepinger,"Klepinger, Robert ",D,0,109981
OH,10,Tom,McMasters,tom mcmasters,"McMasters, Tom",OTHER,0,10890
OH,10,David A.,Harlow,david harlow,"Harlow, David A.",OTHER,0,7
OH,11,Marcia L.,Fudge,marcia fudge,"Fudge, Marcia L.",D,1,242917
OH,11,Beverly A.,Goldstein,beverly goldstein,"Goldstein, Beverly A.",R,0,59769
OH,12,Pat,Tiberi,pat tiberi,"Tiberi, Pat",R,1,251266
OH,12,Ed ,Albertson,ed albertson,"Albertson, Ed ",D,0,112638
OH,12,Joe ,Manchik,joe manchik,"Manchik, Joe ",OTHER,0,13474
OH,12,John J.,Baumeister,john baumeister,"Baumeister, John J.",OTHER,0,156
OH,13,Tim ,Ryan,tim ryan,"Ryan, Tim ",D,1,208610
OH,13,Richard A.,Morckel,richard morckel,"Morckel, Richard A.",R,0,99377
OH,13,"Calvin, Sr.",Hill,calvin hill,"Hill, Calvin, Sr.",OTHER,0,17
OH,14,David P.,Joyce,david joyce,"Joyce, David P.",R,1,219191
OH,14,Michael,Wager,michael wager,"Wager, Michael",D,0,130907
OH,14,Andrew ,Jarvi,andrew jarvi,"Jarvi, Andrew ",OTHER,0,171
OH,15,Steve,Stivers,steve stivers,"Stivers, Steve",R,1,222847
OH,15,Scott,Wharton,scott wharton,"Wharton, Scott",D,0,113960
OH,16,Jim,Renacci,jim renacci,"Renacci, Jim",R,1,225794
OH,16,Keith ,Mundy,keith mundy,"Mundy, Keith ",D,0,119830
OK,01,Jim ,Bridenstine,jim bridenstine,"Bridenstine, Jim ",R,1,Unopposed
OK,02,Markwayne ,Mullin,markwayne mullin,"Mullin, Markwayne ",R,1,189839
OK,02,Joshua,Harris-Till,joshua harristill,"Harris-Till, Joshua",D,0,62387
OK,02,John ,McCarthy,john mccarthy,"McCarthy, John ",OTHER,0,16644
OK,03,Frank D.,Lucas,frank lucas,"Lucas, Frank D.",R,1,227525
OK,03,Frankie,Robbins,frankie robbins,"Robbins, Frankie",D,0,63090
OK,04,Tom,Cole,tom cole,"Cole, Tom",R,1,204143
OK,04,Christina,Owen,christina owen,"Owen, Christina",D,0,76472
OK,04,Sevier,White,sevier white,"White, Sevier",OTHER,0,12574
OK,05,Steve ,Russell,steve russell,"Russell, Steve ",R,1,160184
OK,05,Al,McAffrey,al mcaffrey,"McAffrey, Al",D,0,103273
OK,05,Zachary,Knight,zachary knight,"Knight, Zachary",OTHER,0,17113
OR,01,Suzanne,Bonamici,suzanne bonamici,"Bonamici, Suzanne",OTHER,1,225391
OR,01,Brian J.,Heinrich,brian heinrich,"Heinrich, Brian J.",R,0,139756
OR,01,Kyle,Sheahan,kyle sheahan,"Sheahan, Kyle",OTHER,0,12257
OR,02,Greg,Walden,greg walden,"Walden, Greg",OTHER,1,272952
OR,02,James (Jim),Crary,james crary,"Crary, James (Jim)",D,0,106640
OR,03,Earl ,Blumenauer,earl blumenauer,"Blumenauer, Earl ",D,1,274687
OR,03,David W.,Walker,david walker,"Walker, David W.",OTHER,0,78154
OR,03,David,Delk,david delk,"Delk, David",OTHER,0,27978
OR,04,Peter A.,DeFazio,peter defazio,"DeFazio, Peter A.",OTHER,1,220628
OR,04,Art,Robinson,art robinson,"Robinson, Art",OTHER,0,157743
OR,04,Mike,Beilstein,mike beilstein,"Beilstein, Mike",OTHER,0,12194
OR,04,Gil,Guthrie,gil guthrie,"Guthrie, Gil",OTHER,0,6527
OR,05,Kurt,Schrader,kurt schrader,"Schrader, Kurt",OTHER,1,199505
OR,05,Colm,Willis,colm willis,"Willis, Colm",R,0,160443
OR,05,Marvin,Sandnes,marvin sandnes,"Sandnes, Marvin",OTHER,0,12542
PA,01,Robert A.,Brady,robert brady,"Brady, Robert A.",D,1,245791
PA,01,Deborah,Williams,deborah williams,"Williams, Deborah",R,0,53219
PA,02 - FULL TERM,Dwight,Evans,dwight evans,"Evans, Dwight",D,0,322514
PA,02 - FULL TERM,James A.,Jones,james jones,"Jones, James A.",R,0,35131
PA,02 - UNEXPIRED TERM,Dwight,Evans,dwight evans,"Evans, Dwight",D,0,280439
PA,02 - UNEXPIRED TERM,James A.,Jones,james jones,"Jones, James A.",R,0,29661
PA,03,Mike ,Kelly,mike kelly,"Kelly, Mike ",R,1,244893
PA,04,Scott,Perry,scott perry,"Perry, Scott",R,1,220628
PA,04,Joshua,Burkholder,joshua burkholder,"Burkholder, Joshua",OTHER,0,113372
PA,05,Glenn GT,Thompson,glenn thompson,"Thompson, Glenn GT",R,1,206761
PA,05,Kerith Strano,Taylor,kerith taylor,"Taylor, Kerith Strano",D,0,101082
PA,06,Ryan,Costello,ryan costello,"Costello, Ryan",R,1,207469
PA,06,Mike,Parrish,mike parrish,"Parrish, Mike",D,0,155000
PA,07,Patrick L.,Meehan,patrick meehan,"Meehan, Patrick L.",R,1,225678
PA,07,Mary Ellen,Balchunis,mary balchunis,"Balchunis, Mary Ellen",D,0,153824
PA,08,Brian,Fitzpatrick,brian fitzpatrick,"Fitzpatrick, Brian",R,0,207263
PA,08,Steve ,Santarsiero,steve santarsiero,"Santarsiero, Steve ",D,0,173555
PA,09,Bill,Shuster,bill shuster,"Shuster, Bill",R,1,186580
PA,09,Art,Halvorson,art halvorson,"Halvorson, Art",OTHER,0,107985
PA,09,Adam,Sedlock,adam sedlock,"Sedlock, Adam",OTHER,0,996
PA,10,Tom,Marino,tom marino,"Marino, Tom",R,1,211282
PA,10,Michael,Molesevich,michael molesevich,"Molesevich, Michael",OTHER,0,89823
PA,11,Lou ,Barletta,lou barletta,"Barletta, Lou ",R,1,199421
PA,11,Mike,Marsicano,mike marsicano,"Marsicano, Mike",D,0,113800
PA,12,Keith ,Rothfus,keith rothfus,"Rothfus, Keith ",R,1,221851
PA,12,Erin R.,McClelland,erin mcclelland,"McClelland, Erin R.",D,0,137353
PA,13,Brendan F.,Boyle,brendan boyle,"Boyle, Brendan F.",D,1,239316
PA,14,Mike,Doyle,mike doyle,"Doyle, Mike",D,1,255293
PA,14,Lenny,McAllister,lenny mcallister,"McAllister, Lenny",OTHER,0,87999
PA,15,Charles W.,Dent,charles dent,"Dent, Charles W.",R,1,190618
PA,15,Rick ,Daugherty,rick daugherty,"Daugherty, Rick ",D,0,124129
PA,15,Paul,Rizzo,paul rizzo,"Rizzo, Paul",OTHER,0,11727
PA,16,Lloyd K.,Smucker,lloyd smucker,"Smucker, Lloyd K.",R,0,168669
PA,16,Christina,Hartman,christina hartman,"Hartman, Christina",D,0,134586
PA,16,Shawn Patrick,House,shawn house,"House, Shawn Patrick",OTHER,0,10518
PA,17,Matt,Cartwright,matt cartwright,"Cartwright, Matt",D,1,157734
PA,17,Matt,Connolly,matt connolly,"Connolly, Matt",R,0,135430
PA,18,Tim ,Murphy,tim murphy,"Murphy, Tim ",R,1,293684
PR,00,Jenniffer,Gonzalez,jenniffer gonzalez,"Gonzalez, Jenniffer",OTHER,0,718591
PR,00,Hector J.,Ferrer Rios,hector ferrer rios,"Ferrer Rios, Hector J.",OTHER,0,695073
PR,00,Hugo,Rodríguez Díaz,hugo rodríguez díaz,"Rodríguez Díaz, Hugo",OTHER,0,39704
PR,00,Mariana,Nogales Molinelli,mariana nogales molinelli,"Nogales Molinelli, Mariana",OTHER,0,19033
RI,01,David N.,Cicilline,david cicilline,"Cicilline, David N.",D,1,130540
RI,01,Harold Russell,Taub,harold taub,"Taub, Harold Russell",R,0,71023
RI,01,John,DeSimone,john desimone,"DeSimone, John",OTHER,0,42
RI,01,Mickey,Mouse,mickey mouse,"Mouse, Mickey",OTHER,0,23
RI,01,"Rufus, Jr.",Bailey,rufus bailey,"Bailey, Rufus, Jr.",OTHER,0,19
RI,01,Bernie,Sanders,bernie sanders,"Sanders, Bernie",OTHER,0,11
RI,01,Jan,Malik,jan malik,"Malik, Jan",OTHER,0,9
RI,01,Lincoln,Chafee,lincoln chafee,"Chafee, Lincoln",OTHER,0,6
RI,02,James R.,Langevin,james langevin,"Langevin, James R.",D,1,133108
RI,02,Rhue R.,Reis,rhue reis,"Reis, Rhue R.",R,0,70301
RI,02,Jeffrey C.,Johnson,jeffrey johnson,"Johnson, Jeffrey C.",OTHER,0,16253
RI,02,Salvatore G.,Caiozzo,salvatore caiozzo,"Caiozzo, Salvatore G.",OTHER,0,8942
RI,02,Mickey,Mouse,mickey mouse,"Mouse, Mickey",OTHER,0,11
RI,02,Bernie,Sanders,bernie sanders,"Sanders, Bernie",OTHER,0,9
RI,02,John,DeSimone,john desimone,"DeSimone, John",OTHER,0,8
SC,01,Mark,Sanford,mark sanford,"Sanford, Mark",R,1,190410
SC,01,Dimitri,Cherny,dimitri cherny,"Cherny, Dimitri",D,0,110539
SC,01,Dimitri,Cherny,dimitri cherny,"Cherny, Dimitri",OTHER,0,5757
SC,01,Dimitri,Cherny,dimitri cherny,"Cherny, Dimitri",OTHER,0,3483
SC,01,Albert,Travison,albert travison,"Travison, Albert",OTHER,0,2774
SC,01,"Michael, Jr.",Grier,michael grier,"Grier, Michael, Jr.",OTHER,0,11614
SC,02,Joe,Wilson,joe wilson,"Wilson, Joe",R,1,183746
SC,02,Arik,Bjorn,arik bjorn,"Bjorn, Arik",D,0,105306
SC,02,Arik,Bjorn,arik bjorn,"Bjorn, Arik",OTHER,0,4146
SC,02,Eddie,McCain,eddie mccain,"McCain, Eddie",OTHER,0,11444
SC,03,Jeff,Duncan,jeff duncan,"Duncan, Jeff",R,1,198431
SC,03,Hosea,Cleveland,hosea cleveland,"Cleveland, Hosea",D,0,73766
SC,04,Trey,Gowdy,trey gowdy,"Gowdy, Trey",R,1,198648
SC,04,Chris,Fedalei,chris fedalei,"Fedalei, Chris",D,0,91676
SC,04,Michael,Chandler,michael chandler,"Chandler, Michael",OTHER,0,5103
SC,05,Mick,Mulvaney,mick mulvaney,"Mulvaney, Mick",R,1,175909
SC,05,Fran,Person,fran person,"Person, Fran",D,0,115437
SC,05,"Rudy, Jr.",Barnes,rudy barnes,"Barnes, Rudy, Jr.",OTHER,0,6239
SC,06,"James E. ""Jim""",Clyburn,james clyburn,"Clyburn, James E. ""Jim""",D,1,177947
SC,06,Laura,Sterling,laura sterling,"Sterling, Laura",R,0,70099
SC,06,Rich,Piotrowski,rich piotrowski,"Piotrowski, Rich",OTHER,0,3131
SC,06,Prince Charles,Mallory,prince mallory,"Mallory, Prince Charles",OTHER,0,2499
SC,07,Tom,Rice,tom rice,"Rice, Tom",R,1,176468
SC,07,Mal,Hyman,mal hyman,"Hyman, Mal",D,0,103454
SC,07,Mal,Hyman,mal hyman,"Hyman, Mal",OTHER,0,6747
SC,07,Mal,Hyman,mal hyman,"Hyman, Mal",OTHER,0,2543
SD,00,Kristi,Noem,kristi noem,"Noem, Kristi",R,1,237163
SD,00,Paula,Hawks,paula hawks,"Hawks, Paula",D,0,132810
TN,01,Phil,Roe,phil roe,"Roe, Phil",R,1,198293
TN,01,Alan,Bohms,alan bohms,"Bohms, Alan",D,0,39024
TN,01,Robert D.,Franklin,robert franklin,"Franklin, Robert D.",OTHER,0,15702
TN,01,Paul ,Krane,paul krane,"Krane, Paul ",OTHER,0,6
TN,02,"John J., Jr.",Duncan,john duncan,"Duncan, John J., Jr.",R,1,212455
TN,02,Stuart,Starr,stuart starr,"Starr, Stuart",D,0,68401
TN,03,Chuck,Fleischmann,chuck fleischmann,"Fleischmann, Chuck",R,1,176613
TN,03,Melody,Shekari,melody shekari,"Shekari, Melody",D,0,76727
TN,03,Rick,Tyler,rick tyler,"Tyler, Rick",OTHER,0,5098
TN,03,Cassandra,Mitchell,cassandra mitchell,"Mitchell, Cassandra",OTHER,0,5075
TN,03,Topher,Kersting,topher kersting,"Kersting, Topher",OTHER,0,2493
TN,04,Scott,DesJarlais,scott desjarlais,"DesJarlais, Scott",R,1,165796
TN,04,Steven,Reynolds,steven reynolds,"Reynolds, Steven",D,0,89141
TN,05,Jim,Cooper,jim cooper,"Cooper, Jim",D,1,171111
TN,05,Stacy Ries,Snyder,stacy snyder,"Snyder, Stacy Ries",R,0,102433
TN,06,Diane,Black,diane black,"Black, Diane",R,1,202234
TN,06,David W.,Kent,david kent,"Kent, David W.",D,0,61995
TN,06,David,Ross,david ross,"Ross, David",OTHER,0,20261
TN,07,Marsha,Blackburn,marsha blackburn,"Blackburn, Marsha",R,1,200407
TN,07,Tharon,Chandler,tharon chandler,"Chandler, Tharon",D,0,65226
TN,07,Leonard D.,Ladner,leonard ladner,"Ladner, Leonard D.",OTHER,0,11880
TN,08,David,Kustoff,david kustoff,"Kustoff, David",R,0,194386
TN,08,Rickey,Hobson,rickey hobson,"Hobson, Rickey",D,0,70925
TN,08,Shelia L.,Godwin,shelia godwin,"Godwin, Shelia L.",OTHER,0,6442
TN,08,James,Hart,james hart,"Hart, James",OTHER,0,4057
TN,08,Adrian M.,Montague,adrian montague,"Montague, Adrian M.",OTHER,0,2497
TN,08,Mark J.,Rawles,mark rawles,"Rawles, Mark J.",OTHER,0,2445
TN,08,Karen Free Spirit,Talley-Lane,karen talleylane,"Talley-Lane, Karen Free Spirit",OTHER,0,1981
TN,09,Steve,Cohen,steve cohen,"Cohen, Steve",D,1,171631
TN,09,Wayne,Alberson,wayne alberson,"Alberson, Wayne",R,0,41123
TN,09,Paul,Cook,paul cook,"Cook, Paul",OTHER,0,5203
TX,01,Louie ,Gohmert,louie gohmert,"Gohmert, Louie ",R,1,192434
TX,01,Shirley J.,McKellar,shirley mckellar,"McKellar, Shirley J.",D,0,62847
TX,01,Phil,Gray,phil gray,"Gray, Phil",OTHER,0,5062
TX,01,Renee,Culler,renee culler,"Culler, Renee",OTHER,0,66
TX,02,Ted,Poe,ted poe,"Poe, Ted",R,1,168692
TX,02,Pat ,Bryan,pat bryan,"Bryan, Pat ",D,0,100231
TX,02,James B.,Veasaw,james veasaw,"Veasaw, James B.",OTHER,0,6429
TX,02,Joshua,Darr,joshua darr,"Darr, Joshua",OTHER,0,2884
TX,03,Sam,Johnson,sam johnson,"Johnson, Sam",R,1,193684
TX,03,Adam P.,Bell,adam bell,"Bell, Adam P.",D,0,109420
TX,03,Scott,Jameson,scott jameson,"Jameson, Scott",OTHER,0,10448
TX,03,Paul,Blair,paul blair,"Blair, Paul",OTHER,0,2915
TX,04,John,Ratcliffe,john ratcliffe,"Ratcliffe, John",R,1,216643
TX,04,Cody,Wommack,cody wommack,"Wommack, Cody",OTHER,0,29577
TX,05,Jeb,Hensarling,jeb hensarling,"Hensarling, Jeb",R,1,155469
TX,05,Ken,Ashby,ken ashby,"Ashby, Ken",OTHER,0,37406
TX,06,Joe,Barton,joe barton,"Barton, Joe",R,1,159444
TX,06,Ruby Faye,Woolridge,ruby woolridge,"Woolridge, Ruby Faye",D,0,106667
TX,06,"Darrel, Jr.",Smith,darrel smith,"Smith, Darrel, Jr.",OTHER,0,7185
TX,07,John,Culberson,john culberson,"Culberson, John",R,1,143542
TX,07,James,Cargas,james cargas,"Cargas, James",D,0,111991
TX,08,Kevin,Brady,kevin brady,"Brady, Kevin",R,1,236379
TX,09,Al,Green,al green,"Green, Al",D,1,152032
TX,09,Jeff ,Martin,jeff martin,"Martin, Jeff ",R,0,36491
TX,10,Michael T.,McCaul,michael mccaul,"McCaul, Michael T.",R,1,179221
TX,10,Tawana W. ,Cadien,tawana cadien,"Cadien, Tawana W. ",D,0,120170
TX,10,Bill,Kelsey,bill kelsey,"Kelsey, Bill",OTHER,0,13209
TX,11,Mike,Conaway,mike conaway,"Conaway, Mike",R,1,201871
TX,11,Nicholas,Landholt,nicholas landholt,"Landholt, Nicholas",OTHER,0,23677
TX,12,Kay ,Granger,kay granger,"Granger, Kay ",R,1,196482
TX,12,Bill,Bradshaw,bill bradshaw,"Bradshaw, Bill",D,0,76029
TX,12,Ed,Colliver,ed colliver,"Colliver, Ed",OTHER,0,10604
TX,13,Mac ,Thornberry,mac thornberry,"Thornberry, Mac ",R,1,199050
TX,13,Calvin,DeWeese,calvin deweese,"DeWeese, Calvin",OTHER,0,14725
TX,13,"H.F. ""Rusty""",Tomlinson,hf tomlinson,"Tomlinson, H.F. ""Rusty""",OTHER,0,7467
TX,14,Randy,Weber,randy weber,"Weber, Randy",R,1,160631
TX,14,Michael,Cole,michael cole,"Cole, Michael",D,0,99054
TX,15,Vicente ,Gonzalez,vicente gonzalez,"Gonzalez, Vicente ",D,0,101712
TX,15,Tim,Westley,tim westley,"Westley, Tim",R,0,66877
TX,15,Vanessa S.,Tijerina,vanessa tijerina,"Tijerina, Vanessa S.",OTHER,0,5448
TX,15,Ross Lynn,Leone,ross leone,"Leone, Ross Lynn",OTHER,0,3442
TX,16,Beto,O'Rourke,beto orourke,"O'Rourke, Beto",D,1,150228
TX,16,Jaime O.,Perez,jaime perez,"Perez, Jaime O.",OTHER,0,17491
TX,16,Mary L.,Gourdoux,mary gourdoux,"Gourdoux, Mary L.",OTHER,0,7510
TX,17,Bill,Flores,bill flores,"Flores, Bill",R,1,149417
TX,17,William,Matta,william matta,"Matta, William",D,0,86603
TX,17,Clark,Patterson,clark patterson,"Patterson, Clark",OTHER,0,9708
TX,18,Sheila,Jackson Lee,sheila jackson lee,"Jackson Lee, Sheila",D,1,150157
TX,18,Lori,Bartley,lori bartley,"Bartley, Lori",R,0,48306
TX,18,Thomas,Kleven,thomas kleven,"Kleven, Thomas",OTHER,0,5845
TX,19,Jodey,Arrington,jodey arrington,"Arrington, Jodey",R,0,176314
TX,19,Troy,Bonar,troy bonar,"Bonar, Troy",OTHER,0,17376
TX,19,Mark,Lawson,mark lawson,"Lawson, Mark",OTHER,0,9785
TX,20,Joaquin,Castro,joaquin castro,"Castro, Joaquin",D,1,149640
TX,20,Jeffrey C.,Blunt,jeffrey blunt,"Blunt, Jeffrey C.",OTHER,0,29055
TX,20,Paul,Pipkin,paul pipkin,"Pipkin, Paul",OTHER,0,8974
TX,21,Lamar,Smith,lamar smith,"Smith, Lamar",R,1,202967
TX,21,Tom,Wakely,tom wakely,"Wakely, Tom",D,0,129765
TX,21,Mark,Loewe,mark loewe,"Loewe, Mark",OTHER,0,14735
TX,21,"Antonio ""Tony""",Diaz,antonio diaz,"Diaz, Antonio ""Tony""",OTHER,0,8564
TX,22,Pete,Olson,pete olson,"Olson, Pete",R,1,181864
TX,22,Mark ,Gibson,mark gibson,"Gibson, Mark ",D,0,123679
TX,23,Will ,Hurd,will hurd,"Hurd, Will ",R,1,110577
TX,23,Pete P.,Gallego,pete gallego,"Gallego, Pete P.",D,0,107526
TX,23,Ruben S.,Corvalan,ruben corvalan,"Corvalan, Ruben S.",OTHER,0,10862
TX,24,Kenny E.,Marchant,kenny marchant,"Marchant, Kenny E.",R,1,154845
TX,24,Jan,McDowell,jan mcdowell,"McDowell, Jan",D,0,108389
TX,24,Mike,Kolls,mike kolls,"Kolls, Mike",OTHER,0,8625
TX,24,Kevin,McCormick,kevin mccormick,"McCormick, Kevin",OTHER,0,3776
TX,25,Roger,Williams,roger williams,"Williams, Roger",R,1,180988
TX,25,Kathi ,Thomas,kathi thomas,"Thomas, Kathi ",D,0,117073
TX,25,Loren Marc,Schneiderman,loren schneiderman,"Schneiderman, Loren Marc",OTHER,0,12135
TX,26,Michael C.,Burgess,michael burgess,"Burgess, Michael C.",R,1,211730
TX,26,Eric,Mauck,eric mauck,"Mauck, Eric",D,0,94507
TX,26,Mark,Boler,mark boler,"Boler, Mark",OTHER,0,12843
TX,27,Blake,Farenthold,blake farenthold,"Farenthold, Blake",R,1,142251
TX,27,Raul (Roy),Barrera,raul barrera,"Barrera, Raul (Roy)",D,0,88329
TX,28,Henry,Cuellar,henry cuellar,"Cuellar, Henry",D,1,122086
TX,28,Zeffen ,Hardin,zeffen hardin,"Hardin, Zeffen ",R,0,57740
TX,28,Michael D.,Cary,michael cary,"Cary, Michael D.",OTHER,0,4616
TX,29,Gene,Green,gene green,"Green, Gene",D,1,95649
TX,29,Julio ,Garza,julio garza,"Garza, Julio ",R,0,31646
TX,29,N. Ruben,Perez,n perez,"Perez, N. Ruben",OTHER,0,3234
TX,29,James ,Partsch-Galvan,james partschgalvan,"Partsch-Galvan, James ",OTHER,0,1453
TX,30,Eddie Bernice,Johnson,eddie johnson,"Johnson, Eddie Bernice",D,1,170502
TX,30,Charles,Lingerfelt,charles lingerfelt,"Lingerfelt, Charles",R,0,41518
TX,30,Jarrett R.,Woods,jarrett woods,"Woods, Jarrett R.",OTHER,0,4753
TX,30,Thom,Prentice,thom prentice,"Prentice, Thom",OTHER,0,2053
TX,31,John ,Carter,john carter,"Carter, John ",R,1,166060
TX,31,Mike ,Clark,mike clark,"Clark, Mike ",D,0,103852
TX,31,Scott J.,Ballard,scott ballard,"Ballard, Scott J.",OTHER,0,14676
TX,32,Pete,Sessions,pete sessions,"Sessions, Pete",R,1,162868
TX,32,Ed,Rankin,ed rankin,"Rankin, Ed",OTHER,0,43490
TX,32,Gary,Stuard,gary stuard,"Stuard, Gary",OTHER,0,22813
TX,33,Marc ,Veasey,marc veasey,"Veasey, Marc ",D,1,93147
TX,33,M. Mark ,Mitchell,m mitchell,"Mitchell, M. Mark ",R,0,33222
TX,34,Filemon B.,Vela,filemon vela,"Vela, Filemon B.",D,1,104638
TX,34,"Rey, Jr.",Gonzalez,rey gonzalez,"Gonzalez, Rey, Jr.",R,0,62323
TX,35,Lloyd,Doggett,lloyd doggett,"Doggett, Lloyd",D,1,124612
TX,35,Susan,Narvaiz,susan narvaiz,"Narvaiz, Susan",R,0,62384
TX,35,Rhett Rosenquest,Smith,rhett smith,"Smith, Rhett Rosenquest",OTHER,0,6504
TX,35,Scott,Trimble,scott trimble,"Trimble, Scott",OTHER,0,4076
TX,36,Brian ,Babin,brian babin,"Babin, Brian ",R,1,193675
TX,36,"Hal J., Jr.",Ridley,hal ridley,"Ridley, Hal J., Jr.",OTHER,0,24890
UT,01,Rob,Bishop,rob bishop,"Bishop, Rob",R,1,182928
UT,01,Peter C.,Clemens,peter clemens,"Clemens, Peter C.",D,0,73381
UT,01,Craig,Bowden,craig bowden,"Bowden, Craig",OTHER,0,16296
UT,01,"Chadwick H., III",Fairbanks,chadwick fairbanks,"Fairbanks, Chadwick H., III",OTHER,0,4850
UT,02,Chris,Stewart,chris stewart,"Stewart, Chris",R,1,170542
UT,02,Charlene,Albarran,charlene albarran,"Albarran, Charlene",D,0,93780
UT,02,"Paul J., Jr.",McCollaum,paul mccollaum,"McCollaum, Paul J., Jr.",OTHER,0,12519
UT,03,Jason,Chaffetz,jason chaffetz,"Chaffetz, Jason",R,1,209589
UT,03,Stephen P.,Tryon,stephen tryon,"Tryon, Stephen P.",D,0,75716
UT,04,Mia B.,Love,mia love,"Love, Mia B.",R,1,147597
UT,04,Doug,Owens,doug owens,"Owens, Doug",D,0,113413
UT,04,Collin R.,Simonsen,collin simonsen,"Simonsen, Collin R.",OTHER,0,13559
VT,00,Peter,Welch,peter welch,"Welch, Peter",OTHER,1,264414
VT,00,Erica,Clawson,erica clawson,"Clawson, Erica",OTHER,0,29410
VT,00,Jim,Douglas,jim douglas,"Douglas, Jim",OTHER,0,110
VT,00,Scott,Milne,scott milne,"Milne, Scott",OTHER,0,90
VT,00,Bernie,Sanders,bernie sanders,"Sanders, Bernie",OTHER,0,62
VT,00,Mark,Donka,mark donka,"Donka, Mark",OTHER,0,42
VT,00,Brian ,Dubie,brian dubie,"Dubie, Brian ",OTHER,0,35
VT,00,Bruce,Lisman,bruce lisman,"Lisman, Bruce",OTHER,0,14
VT,00,Don,Turner,don turner,"Turner, Don",OTHER,0,14
VT,00,Jeff,Willey,jeff willey,"Willey, Jeff",OTHER,0,11
VT,00,Bill,Lee,bill lee,"Lee, Bill",OTHER,0,11
VT,00,Paul,Dame,paul dame,"Dame, Paul",OTHER,0,10
VT,00,Randy,Brock,randy brock,"Brock, Randy",OTHER,0,9
VT,00,Donald,Trump,donald trump,"Trump, Donald",OTHER,0,6
VA,01,"Robert J. ""Rob""",Wittman,robert wittman,"Wittman, Robert J. ""Rob""",R,1,230213
VA,01,"M. D. ""Matt""",Rowe,m rowe,"Rowe, M. D. ""Matt""",D,0,140785
VA,01,Glenda Gail,Parker,glenda parker,"Parker, Glenda Gail",OTHER,0,12866
VA,02,Scott W.,Taylor,scott taylor,"Taylor, Scott W.",R,0,190475
VA,02,Shaun D.,Brown,shaun brown,"Brown, Shaun D.",D,0,119440
VA,03,"Robert C. ""Bobby""",Scott,robert scott,"Scott, Robert C. ""Bobby""",D,1,208337
VA,03,"M. L. ""Marty""",Williams,m williams,"Williams, M. L. ""Marty""",R,0,103289
VA,04,A. Donald ,McEachin,a mceachin,"McEachin, A. Donald ",D,0,200136
VA,04,"Michael L. ""Mike""",Wade,michael wade,"Wade, Michael L. ""Mike""",R,0,145731
VA,05,"Tom A., Jr.",Garrett,tom garrett,"Garrett, Tom A., Jr.",R,0,207758
VA,05,Jane D.,Dittmar,jane dittmar,"Dittmar, Jane D.",D,0,148339
VA,06,"Robert W. ""Bob""",Goodlatte,robert goodlatte,"Goodlatte, Robert W. ""Bob""",R,1,225471
VA,06,Kai E.,Degner,kai degner,"Degner, Kai E.",D,0,112170
VA,07,David A.,Brat,david brat,"Brat, David A.",R,1,218057
VA,07,Eileen M.,Bedell,eileen bedell,"Bedell, Eileen M.",D,0,160159
VA,08,"Donald S., Jr.",Beyer,donald beyer,"Beyer, Donald S., Jr.",D,1,246653
VA,08,Charles A.,Hernick,charles hernick,"Hernick, Charles A.",R,0,98387
VA,08,Julio,Gracia,julio gracia,"Gracia, Julio",OTHER,0,14664
VA,09,H. Morgan,Griffith,h griffith,"Griffith, H. Morgan",R,1,212838
VA,09,Derek W.,Kitts,derek kitts,"Kitts, Derek W.",D,0,87877
VA,09,Janice Allen,Boyd,janice boyd,"Boyd, Janice Allen",OTHER,0,9050
VA,10,Barbara Jean,Comstock,barbara comstock,"Comstock, Barbara Jean",R,1,210791
VA,10,LuAnn L.,Bennett,luann bennett,"Bennett, LuAnn L.",D,0,187712
VA,11,"G. E. ""Gerry""",Connolly,g connolly,"Connolly, G. E. ""Gerry""",D,1,247818
VI,00,Stacey E.,Plaskett,stacey plaskett,"Plaskett, Stacey E.",D,1,14531
WA,01,Suzan,DelBene,suzan delbene,"DelBene, Suzan",D,1,193619
WA,01,Robert J.,Sutherland,robert sutherland,"Sutherland, Robert J.",R,0,155779
WA,02,Rick,Larsen,rick larsen,"Larsen, Rick",D,1,208314
WA,02,Marc,Hennemann,marc hennemann,"Hennemann, Marc",R,0,117094
WA,03,Jaime Herrera,Beutler,jaime beutler,"Beutler, Jaime Herrera",R,1,193457
WA,03,Jim,Moeller,jim moeller,"Moeller, Jim",D,0,119820
WA,04,Dan,Newhouse,dan newhouse,"Newhouse, Dan",R,1,132517
WA,04,Clint,Didier,clint didier,"Didier, Clint",R,0,97402
WA,05,Cathy McMorris,Rodgers,cathy rodgers,"Rodgers, Cathy McMorris",R,1,192959
WA,05,Joe,Pakootas,joe pakootas,"Pakootas, Joe",D,0,130575
WA,06,Derek,Kilmer,derek kilmer,"Kilmer, Derek",D,1,201718
WA,06,Todd A.,Bloom,todd bloom,"Bloom, Todd A.",R,0,126116
WA,07,Pramila,Jayapal,pramila jayapal,"Jayapal, Pramila",D,0,212010
WA,07,Brady Piñero,Walkinshaw,brady walkinshaw,"Walkinshaw, Brady Piñero",D,0,166744
WA,08,Dave,Reichert,dave reichert,"Reichert, Dave",R,1,193145
WA,08,Tony,Ventrella,tony ventrella,"Ventrella, Tony",D,0,127720
WA,09,Adam,Smith,adam smith,"Smith, Adam",D,1,205165
WA,09,Doug,Basler,doug basler,"Basler, Doug",R,0,76317
WA,10,Denny,Heck,denny heck,"Heck, Denny",D,1,170460
WA,10,Jim,Postma,jim postma,"Postma, Jim",R,0,120104
WV,01,David B.,McKinley,david mckinley,"McKinley, David B.",R,1,163469
WV,01,Mike ,Manypenny,mike manypenny,"Manypenny, Mike ",D,0,73534
WV,02,Alex X.,Mooney,alex mooney,"Mooney, Alex X.",R,1,140807
WV,02,Mark,Hunt,mark hunt,"Hunt, Mark",D,0,101207
WV,03,Evan ,Jenkins,evan jenkins,"Jenkins, Evan ",R,1,140741
WV,03,Matt,Detch,matt detch,"Detch, Matt",D,0,49708
WV,03,Zane,Lawhorn,zane lawhorn,"Lawhorn, Zane",OTHER,0,16883
WI,01,Paul,Ryan,paul ryan,"Ryan, Paul",R,1,230072
WI,01,Ryan,Solen,ryan solen,"Solen, Ryan",D,0,107003
WI,01,Jason,Lebeck,jason lebeck,"Zimmerman, Spencer",OTHER,0,9429
WI,01,Jason,Lebeck,jason lebeck,"Lebeck, Jason",OTHER,0,7486
WI,02,Mark,Pocan,mark pocan,"Pocan, Mark",D,1,273537
WI,02,Peter,Theron,peter theron,"Theron, Peter",R,0,124044
WI,03,Ron ,Kind,ron kind,"Kind, Ron ",D,1,257401
WI,03,Ryan,Peterson,ryan peterson,"Peterson, Ryan",OTHER,0,169
WI,04,Gwen S.,Moore,gwen moore,"Moore, Gwen S.",D,1,220181
WI,04,Andy,Craig,andy craig,"Raymond, Robert R. ",OTHER,0,33494
WI,04,Andy,Craig,andy craig,"Craig, Andy",OTHER,0,32183
WI,05,"F. James., Jr.",Sensenbrenner,f sensenbrenner,"Sensenbrenner, F. James., Jr.",R,1,260706
WI,05,Khary,Penebaker,khary penebaker,"Penebaker, Khary",D,0,114477
WI,05,John ,Arndt,john arndt,"Arndt, John ",OTHER,0,15324
WI,06,Glenn,Grothman,glenn grothman,"Grothman, Glenn",R,1,204147
WI,06,Sarah,Lloyd,sarah lloyd,"Lloyd, Sarah",D,0,133072
WI,06,W. Michael,Slattery,w slattery,"Dahlke, Jeff",OTHER,0,19716
WI,07,Sean,Duffy,sean duffy,"Duffy, Sean",R,1,223418
WI,07,Mary,Hoeft,mary hoeft,"Hoeft, Mary",D,0,138643
WI,08,Mike,Gallagher,mike gallagher,"Gallagher, Mike",R,0,227892
WI,08,Tom,Nelson,tom nelson,"Nelson, Tom",D,0,135682
WI,08,Wendy,Gribben,wendy gribben,"Gribben, Wendy",OTHER,0,16
WI,08,Jerry,Kobishop,jerry kobishop,"Kobishop, Jerry",OTHER,0,2
WY,00,Liz,Cheney,liz cheney,"Cheney, Liz",R,0,156176
WY,00,Ryan,Greene,ryan greene,"Greene, Ryan",D,0,75466
WY,00,Daniel Clyde,Cummings,daniel cummings,"Cummings, Daniel Clyde",OTHER,0,10362
WY,00,Lawrence Gerard,Struempf,lawrence struempf,"Struempf, Lawrence Gerard",OTHER,0,9033
