STATE ABBREVIATION,D,CANDIDATE NAME (First),CANDIDATE NAME (Last),CANDIDATE NAME(f),CANDIDATE NAME,PARTY,(I),GENERAL VOTES 
AL,01,Jerry,Carl,jerry carl,"Carl, Jerry",R,0,211825
AL,01,James,Averhart,james averhart,"Averhart, James",D,0,116949
AL,02,Barry,Moore,barry moore,"Moore, Barry",R,0,197996
AL,02,Phyllis,Harvey-Hall,phyllis harvey-hall,"Harvey-Hall, Phyllis",D,0,105286
AL,03,Mike,Rogers,mike rogers,"Rogers, Mike",R,1,217384
AL,03,Adia,Winfrey,adia winfrey,"Winfrey, Adia",D,0,104595
AL,04,Robert,Aderholt,robert aderholt,"Aderholt, Robert",R,1,261553
AL,04,Rick,Neighbors,rick neighbors,"Neighbors, Rick",D,0,56237
AL,05,Mo,Brooks,mo brooks,"Brooks, Mo",R,1,253094
AL,06,Gary,Palmer,gary palmer,"Palmer, Gary",R,1,274160
AL,07,Terri A.,Sewell,terri sewell,"Sewell, Terri A.",D,1,225742
AK,00,Don,Young,don young,"Young, Don",R,1,192126
AK,00,Alyse S.,Galvin,alyse galvin,"Galvin, Alyse S.",OTHER,0,159856
AS,00,Aumua,Amata,aumua amata,"Amata, Aumua",R,1,9790
AS,00,Oreta Tufaga Mapu,Crichton,oreta crichton,"Crichton, Oreta Tufaga Mapu",D,0,1709
AS,00,Meleagi ,Suitonu-Chapman,meleagi suitonu-chapman,"Suitonu-Chapman, Meleagi ",D,0,250
AZ,01,Tom,O'Halleran,tom o'halleran,"O'Halleran, Tom",D,1,188469
AZ,01,Tiffany,Shedd,tiffany shedd,"Shedd, Tiffany",R,0,176709
AZ,02,Ann,Kirkpatrick,ann kirkpatrick,"Kirkpatrick, Ann",D,1,209945
AZ,02,Brandon,Martin,brandon martin,"Martin, Brandon",R,0,170975
AZ,02,Iman,Bah,iman bah,"Bah, Iman",OTHER,0,99
AZ,02,Brandon,Schlass,brandon schlass,"Schlass, Brandon",OTHER,0,35
AZ,03,Rául,Grijalva,rául grijalva,"Grijalva, Rául",D,1,174243
AZ,03,Daniel,Wood,daniel wood,"Wood, Daniel",R,0,95594
AZ,04,Paul,Gosar,paul gosar,"Gosar, Paul",R,1,278002
AZ,04,Delina,DiSanto,delina disanto,"DiSanto, Delina",D,0,120484
AZ,04,Brett,Brennan,brett brennan,"Brennan, Brett",OTHER,0,67
AZ,04,Ana,Perez Gissy,ana perez gissy,"Perez Gissy, Ana",OTHER,0,39
AZ,04,Miko,Jones,miko jones,"Jones, Miko",OTHER,0,19
AZ,04,Emily,Robinson,emily robinson,"Robinson, Emily",OTHER,0,7
AZ,04,Don,Overholser,don overholser,"Overholser, Don",OTHER,0,5
AZ,05,Andy,Biggs,andy biggs,"Biggs, Andy",R,1,262414
AZ,05,Joan,Greene,joan greene,"Greene, Joan",D,0,183171
AZ,05,Karen,Stephens,karen stephens,"Stephens, Karen",OTHER,0,72
AZ,06,David  ,Schweikert,david schweikert,"Schweikert, David  ",R,1,217783
AZ,06,Hiral,Tipirneni,hiral tipirneni,"Tipirneni, Hiral",D,0,199644
AZ,07,Ruben,Gallego,ruben gallego,"Gallego, Ruben",D,1,165452
AZ,07,Joshua,Barnett,joshua barnett,"Barnett, Joshua",R,0,50226
AZ,07,Roxanne,Rodriguez,roxanne rodriguez,"Rodriguez, Roxanne",OTHER,0,51
AZ,07,J. Travis,Kirkham,j. kirkham,"Kirkham, J. Travis",OTHER,0,3
AZ,08,Debbie,Lesko,debbie lesko,"Lesko, Debbie",R,1,251633
AZ,08,Michael,Muscato,michael muscato,"Muscato, Michael",D,0,170816
AZ,08,Taliban,Hendrix,taliban hendrix,"Hendrix, Taliban",OTHER,0,18
AZ,09,Greg,Stanton,greg stanton,"Stanton, Greg",D,1,217094
AZ,09,Dave,Giles,dave giles,"Giles, Dave",R,0,135180
AR,01,Rick,Crawford,rick crawford,"Crawford, Rick",R,1,237596
AR,02,French,Hill,french hill,"Hill, French",R,1,184093
AR,02,Joyce,Elliott,joyce elliott,"Elliott, Joyce",D,0,148410
AR,03,Steve,Womack,steve womack,"Womack, Steve",R,1,214960
AR,03,Celeste,Williams,celeste williams,"Williams, Celeste",D,0,106325
AR,03,Michael J.,Kalagias,michael kalagias,"Kalagias, Michael J.",OTHER,0,12977
AR,04,Bruce ,Westerman,bruce westerman,"Westerman, Bruce ",R,1,191617
AR,04,William H.,Hanson,william hanson,"Hanson, William H.",D,0,75750
AR,04,Frank,Gilbert,frank gilbert,"Gilbert, Frank",OTHER,0,7668
CA,01,Doug,LaMalfa,doug lamalfa,"LaMalfa, Doug",R,1,204190
CA,01,Audrey ,Denney,audrey denney,"Denney, Audrey ",D,0,154073
CA,02,Jared,Huffman,jared huffman,"Huffman, Jared",D,1,294435
CA,02,Dale K.,Mensing,dale mensing,"Mensing, Dale K.",R,0,94320
CA,03,John,Garamendi,john garamendi,"Garamendi, John",D,1,176043
CA,03,Tamika,Hamilton,tamika hamilton,"Hamilton, Tamika",R,0,145945
CA,04,Tom,McClintock,tom mcclintock,"McClintock, Tom",R,1,247291
CA,04,Brynne S.,Kennedy,brynne kennedy,"Kennedy, Brynne S.",D,0,194731
CA,05,Mike,Thompson,mike thompson,"Thompson, Mike",D,1,271233
CA,05,Scott,Giblin,scott giblin,"Giblin, Scott",R,0,85227
CA,06,Doris,Matsui,doris matsui,"Matsui, Doris",D,1,229648
CA,06,Chris,Bish,chris bish,"Bish, Chris",R,0,83466
CA,07,Ami,Bera,ami bera,"Bera, Ami",D,1,217416
CA,07,Buzz,Patterson,buzz patterson,"Patterson, Buzz",R,0,166549
CA,08,Jay,Obernolte,jay obernolte,"Obernolte, Jay",R,0,158711
CA,08,Christine,Bubser,christine bubser,"Bubser, Christine",D,0,124400
CA,09,Jerry,McNerney,jerry mcnerney,"McNerney, Jerry",D,1,174252
CA,09,Antonio C. 'Tony',Amador,antonio amador,"Amador, Antonio C. 'Tony'",R,0,128358
CA,10,Josh,Harder,josh harder,"Harder, Josh",D,1,166865
CA,10,Ted,Howze,ted howze,"Howze, Ted",R,0,135629
CA,11,Mark,DeSaulnier,mark desaulnier,"DeSaulnier, Mark",D,1,271063
CA,11,Nisha,Sharma,nisha sharma,"Sharma, Nisha",R,0,100293
CA,12,Nancy,Pelosi,nancy pelosi,"Pelosi, Nancy",D,1,281776
CA,12,Shahid,Buttar,shahid buttar,"Buttar, Shahid",D,0,81174
CA,13,Barbara,Lee,barbara lee,"Lee, Barbara",D,1,327863
CA,13,Nikka,Piterman,nikka piterman,"Piterman, Nikka",R,0,34955
CA,14,Jackie,Speier,jackie speier,"Speier, Jackie",D,1,278300
CA,14,Ran S.,Petel,ran petel,"Petel, Ran S.",R,0,72705
CA,15,Eric,Swalwell,eric swalwell,"Swalwell, Eric",D,1,242991
CA,15,Alison,Hayden,alison hayden,"Hayden, Alison",R,0,99710
CA,16,Jim,Costa,jim costa,"Costa, Jim",D,1,128690
CA,16,Kevin ,Cookingham,kevin cookingham,"Cookingham, Kevin ",R,0,88039
CA,17,Ro,Khanna,ro khanna,"Khanna, Ro",D,1,212137
CA,17,Ritesh,Tandon,ritesh tandon,"Tandon, Ritesh",R,0,85199
CA,18,Anna G.,Eshoo,anna eshoo,"Eshoo, Anna G.",D,1,217388
CA,18,Rishi,Kumar,rishi kumar,"Kumar, Rishi",D,0,126751
CA,19,Zoe,Lofgren,zoe lofgren,"Lofgren, Zoe",D,1,224385
CA,19,Justin James,Aguilera,justin aguilera,"Aguilera, Justin James",R,0,88642
CA,20,Jimmy,Panetta,jimmy panetta,"Panetta, Jimmy",D,1,236896
CA,20,Jeff,Gorman,jeff gorman,"Gorman, Jeff",R,0,71658
CA,21,David G.,Valadao,david valadao,"Valadao, David G.",R,0,85928
CA,21,TJ,Cox,tj cox,"Cox, TJ",D,1,84406
CA,22,Devin G.,Nunes,devin nunes,"Nunes, Devin G.",R,1,170888
CA,22,Phil,Arballo,phil arballo,"Arballo, Phil",D,0,144251
CA,23,Kevin ,McCarthy,kevin mccarthy,"McCarthy, Kevin ",R,1,190222
CA,23,Kim,Mangone,kim mangone,"Mangone, Kim",D,0,115896
CA,24,Salud,Carbajal,salud carbajal,"Carbajal, Salud",D,1,212564
CA,24,Andy,Caldwell,andy caldwell,"Caldwell, Andy",R,0,149781
CA,25,Mike ,Garcia,mike garcia,"Garcia, Mike ",R,0,169638
CA,25,Christy,Smith,christy smith,"Smith, Christy",D,0,169305
CA,26,Julia,Brownley,julia brownley,"Brownley, Julia",D,1,208856
CA,26,Ronda,Baldwin-Kennedy,ronda baldwin-kennedy,"Baldwin-Kennedy, Ronda",R,0,135877
CA,27,Judy,Chu,judy chu,"Chu, Judy",D,1,221411
CA,27,Johnny J.,Nalbandian,johnny nalbandian,"Nalbandian, Johnny J.",R,0,95907
CA,28,Adam B.,Schiff,adam schiff,"Schiff, Adam B.",D,1,244271
CA,28,Eric,Early,eric early,"Early, Eric",R,0,91928
CA,29,Tony,Cardenas,tony cardenas,"Cardenas, Tony",D,1,119420
CA,29,Angélica Maria,Dueñas,angélica dueñas,"Dueñas, Angélica Maria",D,0,91524
CA,30,Brad ,Sherman,brad sherman,"Sherman, Brad ",D,1,240038
CA,30,Mark S.,Reed,mark reed,"Reed, Mark S.",R,0,105426
CA,31,Pete,Aguilar,pete aguilar,"Aguilar, Pete",D,1,175315
CA,31,Agnes,Gibboney,agnes gibboney,"Gibboney, Agnes",R,0,110735
CA,32,Grace F.,Napolitano,grace napolitano,"Napolitano, Grace F.",D,1,172942
CA,32,Joshua M.,Scott,joshua scott,"Scott, Joshua M.",R,0,86818
CA,33,Ted W.,Lieu,ted lieu,"Lieu, Ted W.",D,1,257094
CA,33,James P.,Bradley,james bradley,"Bradley, James P.",R,0,123334
CA,34,Jimmy,Gomez,jimmy gomez,"Gomez, Jimmy",D,1,108792
CA,34,David,Kim,david kim,"Kim, David",D,0,96554
CA,35,Norma J.,Torres,norma torres,"Torres, Norma J.",D,1,169405
CA,35,Mike,Cargile,mike cargile,"Cargile, Mike",R,0,74941
CA,36,Raul,Ruiz,raul ruiz,"Ruiz, Raul",D,1,185151
CA,36,Erin,Cruz,erin cruz,"Cruz, Erin",R,0,121698
CA,37,Karen,Bass,karen bass,"Bass, Karen",D,1,254916
CA,37,Errol,Webber,errol webber,"Webber, Errol",R,0,41705
CA,38,Linda T.,Sánchez,linda sánchez,"Sánchez, Linda T.",D,1,190467
CA,38,Michael,Tolar,michael tolar,"Tolar, Michael",D,0,65739
CA,39,Young,Kim,young kim,"Kim, Young",R,0,173946
CA,39,Gil,Cisneros,gil cisneros,"Cisneros, Gil",D,1,169837
CA,40,Lucille,Roybal-Allard,lucille roybal-allard,"Roybal-Allard, Lucille",D,1,135572
CA,40,C Antonio,Delgado,c delgado,"Delgado, C Antonio",R,0,50809
CA,41,Mark,Takano,mark takano,"Takano, Mark",D,1,168126
CA,41,Aja,Smith,aja smith,"Smith, Aja",R,0,94447
CA,42,Ken ,Calvert,ken calvert,"Calvert, Ken ",R,1,210274
CA,42,"William ""Liam""",O'Mara,william o'mara,"O'Mara, William ""Liam""",D,0,157773
CA,43,Maxine,Waters,maxine waters,"Waters, Maxine",D,1,199210
CA,43,"Joe E., III",Collins,joe collins,"Collins, Joe E., III",R,0,78688
CA,44,Nanette Diaz,Barragan,nanette barragan,"Barragan, Nanette Diaz",D,1,139661
CA,44,Analilia,Joya,analilia joya,"Joya, Analilia",D,0,66375
CA,45,Katie,Porter,katie porter,"Porter, Katie",D,1,221843
CA,45,Greg,Raths,greg raths,"Raths, Greg",R,0,193096
CA,46,Lou,Correa,lou correa,"Correa, Lou",D,1,157803
CA,46,James S.,Waters,james waters,"Waters, James S.",R,0,71716
CA,47,Alan,Lowenthal,alan lowenthal,"Lowenthal, Alan",D,1,197028
CA,47,John,Briscoe,john briscoe,"Briscoe, John",R,0,114371
CA,48,Michelle,Steel,michelle steel,"Steel, Michelle",R,0,201738
CA,48,Harley,Rouda,harley rouda,"Rouda, Harley",D,1,193362
CA,49,Mike,Levin,mike levin,"Levin, Mike",D,1,205349
CA,49,Brian,Maryott,brian maryott,"Maryott, Brian",R,0,181157
CA,50,Darrell,Issa,darrell issa,"Issa, Darrell",R,0,195521
CA,50,Ammar,Campa-Najjar,ammar campa-najjar,"Campa-Najjar, Ammar",D,0,166869
CA,51,Juan C.,Vargas,juan vargas,"Vargas, Juan C.",D,1,165596
CA,51,"Juan M., Jr.",Hidalgo,juan hidalgo,"Hidalgo, Juan M., Jr.",R,0,76841
CA,52,Scott,Peters,scott peters,"Peters, Scott",D,1,244145
CA,52,Jim,DeBello,jim debello,"DeBello, Jim",R,0,152350
CA,53,Sara,Jacobs,sara jacobs,"Jacobs, Sara",D,0,199244
CA,53,Georgette,Gómez,georgette gómez,"Gómez, Georgette",D,0,135614
CO,01,Diana,DeGette,diana degette,"DeGette, Diana",D,1,331621
CO,01,Shane,Bolling,shane bolling,"Bolling, Shane",R,0,105955
CO,01,Kyle,Furey,kyle furey,"Furey, Kyle",OTHER,0,8749
CO,01,Paul Noel,Fiorino,paul fiorino,"Fiorino, Paul Noel",OTHER,0,2524
CO,01,Jan,Kok,jan kok,"Kok, Jan",OTHER,0,1441
CO,02,Joe,Neguse,joe neguse,"Neguse, Joe",D,1,316925
CO,02,Charlie,Winn,charlie winn,"Winn, Charlie",R,0,182547
CO,02,Thom,Atkinson,thom atkinson,"Atkinson, Thom",OTHER,0,13657
CO,02,Gary,Swing,gary swing,"Swing, Gary",OTHER,0,2534
CO,03,Lauren,Boebert,lauren boebert,"Boebert, Lauren",R,0,220634
CO,03,Diane E.,Mitsch Bush,diane mitsch bush,"Mitsch Bush, Diane E.",D,0,194122
CO,03,John Ryan,Keil,john keil,"Keil, John Ryan",OTHER,0,10298
CO,03,Christopher Hawkins,Milton,christopher milton,"Milton, Christopher Hawkins",OTHER,0,4265
CO,04,Ken,Buck,ken buck,"Buck, Ken",R,1,285606
CO,04,Ike,McCorkle,ike mccorkle,"McCorkle, Ike",D,0,173945
CO,04,Bruce,Griffith,bruce griffith,"Griffith, Bruce",OTHER,0,11026
CO,04,Laura,Ireland,laura ireland,"Ireland, Laura",OTHER,0,4530
CO,05,Doug,Lamborn,doug lamborn,"Lamborn, Doug",R,1,249013
CO,05,Jilian,Freeland,jilian freeland,"Freeland, Jilian",D,0,161600
CO,05,Ed,Duffett,ed duffett,"Duffett, Ed",OTHER,0,14777
CO,05,Marcus Allen,Murphy,marcus murphy,"Murphy, Marcus Allen",OTHER,0,3708
CO,05,Rebecca,Keltie,rebecca keltie,"Keltie, Rebecca",OTHER,0,3309
CO,06,Jason,Crow,jason crow,"Crow, Jason",D,1,250314
CO,06,Steve,House,steve house,"House, Steve",R,0,175192
CO,06,Norm,Olsen,norm olsen,"Olsen, Norm",OTHER,0,9083
CO,06,Jaimie Lynn,Kulikowski,jaimie kulikowski,"Kulikowski, Jaimie Lynn",OTHER,0,3884
CO,07,Ed,Perlmutter,ed perlmutter,"Perlmutter, Ed",D,1,250525
CO,07,"Charles ""Casper""",Stockham,charles stockham,"Stockham, Charles ""Casper""",R,0,159301
CO,07,Ken,Biles,ken biles,"Biles, Ken",OTHER,0,11510
CO,07,David,Olszta,david olszta,"Olszta, David",OTHER,0,2355
CO,07,Steve,Zorn,steve zorn,"Zorn, Steve",OTHER,0,33
CT,01,John B.,Larson,john larson,"Larson, John B.",D,1,213001
CT,01,John B.,Larson,john larson,"Larson, John B.",OTHER,1,9667
CT,01,Mary,Fay,mary fay,"Fay, Mary",OTHER,0,122111
CT,01,Thomas E.,McCormick,thomas mccormick,"McCormick, Thomas E.",OTHER,0,4458
CT,02,Joe,Courtney,joe courtney,"Courtney, Joe",OTHER,1,207303
CT,02,Joe,Courtney,joe courtney,"Courtney, Joe",OTHER,1,10816
CT,02,Justin ,Anderson,justin anderson,"Anderson, Justin ",R,0,140356
CT,02,Cassandra,Martineau,cassandra martineau,"Martineau, Cassandra",OTHER,0,4960
CT,02,Daniel,Reale,daniel reale,"Reale, Daniel",OTHER,0,3903
CT,02,John M.,Traceski,john traceski,"Traceski, John M.",OTHER,0,9
CT,03,Rosa L.,DeLauro,rosa delauro,"DeLauro, Rosa L.",D,1,194259
CT,03,Rosa L.,DeLauro,rosa delauro,"DeLauro, Rosa L.",OTHER,1,9006
CT,03,Margaret,Streicker,margaret streicker,"Streicker, Margaret",R,0,131568
CT,03,Margaret,Streicker,margaret streicker,"Streicker, Margaret",OTHER,0,6030
CT,03,Justin C.,Paglino,justin paglino,"Paglino, Justin C.",OTHER,0,5240
CT,04,Jim,Himes,jim himes,"Himes, Jim",D,1,224432
CT,04,Brian,Merlen,brian merlen,"Merlen, Brian",OTHER,0,5647
CT,04,Yusheng,Peng,yusheng peng,"Peng, Yusheng",OTHER,0,10
CT,04,Jonathan,Riddle,jonathan riddle,"Riddle, Jonathan",OTHER,0,130627
CT,05,Jahana,Hayes,jahana hayes,"Hayes, Jahana",D,1,183797
CT,05,Jahana,Hayes,jahana hayes,"Hayes, Jahana",OTHER,1,8687
CT,05,David X.,Sullivan,david sullivan,"Sullivan, David X.",R,0,151988
CT,05,Bruce W.,Walczak,bruce walczak,"Walczak, Bruce W.",OTHER,0,5052
DE,00,Lisa Blunt,Rochester,lisa rochester,"Rochester, Lisa Blunt",D,1,281382
DE,00,Lee,Murphy,lee murphy,"Murphy, Lee",R,0,196392
DE,00,Catherine S.,Purcell,catherine purcell,"Purcell, Catherine S.",OTHER,0,6682
DE,00,David L.,Rogers,david rogers,"Rogers, David L.",OTHER,0,3814
DC,00,Eleanor Holmes ,Norton,eleanor norton,"Norton, Eleanor Holmes ",D,1,281831
DC,00,Patrick,Hynes,patrick hynes,"Hynes, Patrick #",OTHER,0,9678
DC,00,Barbara Washington,Franklin,barbara franklin,"Franklin, Barbara Washington",OTHER,0,7628
DC,00,Omari,Musa,omari musa,"Musa, Omari",OTHER,0,6702
DC,00,Natale Lino,Stracuzzi,natale stracuzzi,"Stracuzzi, Natale Lino",OTHER,0,5553
DC,00,David,Krucoff,david krucoff,"Krucoff, David",OTHER,0,5017
DC,00,Amir,Lowery,amir lowery,"Lowery, Amir",OTHER,0,5001
DC,00,"John ""Recovery""",Cheeks,john cheeks,"Cheeks, John ""Recovery""",OTHER,0,2914
FL,01,Matt,Gaetz,matt gaetz,"Gaetz, Matt",R,1,283352
FL,01,Phil,Ehr,phil ehr,"Ehr, Phil",D,0,149172
FL,01,Albert,Oram,albert oram,"Oram, Albert",OTHER,0,6038
FL,02,Neal,Dunn,neal dunn,"Dunn, Neal",R,1,305337
FL,02,Kim,O'Connor,kim o'connor,"O'Connor, Kim",OTHER,0,6662
FL,03,Kat,Cammack,kat cammack,"Cammack, Kat",R,0,223075
FL,03,Adam,Christensen,adam christensen,"Christensen, Adam",D,0,167326
FL,04,John H.,Rutherford,john rutherford,"Rutherford, John H.",R,1,308497
FL,04,Donna,Deegan,donna deegan,"Deegan, Donna",D,0,196423
FL,04,Gary L.,Koniz,gary koniz,"Koniz, Gary L.",OTHER,0,20
FL,05,Al,Lawson,al lawson,"Lawson, Al",D,1,219463
FL,05,Gary,Adler,gary adler,"Adler, Gary",R,0,117510
FL,06,Michael,Waltz,michael waltz,"Waltz, Michael",R,1,265393
FL,06,Clint,Curtis,clint curtis,"Curtis, Clint",D,0,172305
FL,06,"John G. ""Gerry""",Nolan,john nolan,"Nolan, John G. ""Gerry""",OTHER,0,112
FL,06,Alan,Grayson,alan grayson,"Grayson, Alan",OTHER,0,46
FL,07,Stephanie,Murphy,stephanie murphy,"Murphy, Stephanie",D,1,224946
FL,07,Leo,Valentin,leo valentin,"Valentin, Leo",R,0,175750
FL,07,William R.,Garlington,william garlington,"Garlington, William R.",OTHER,0,5753
FL,08,Bill,Posey,bill posey,"Posey, Bill",R,1,282093
FL,08,Jim,Kennedy,jim kennedy,"Kennedy, Jim",D,0,177695
FL,09,Darren,Soto,darren soto,"Soto, Darren",D,1,240724
FL,09,"William P. ""Bill""",Olson,william olson,"Olson, William P. ""Bill""",R,0,188889
FL,09,Clay,Hill,clay hill,"Hill, Clay",OTHER,0,25
FL,10,Val,Demings,val demings,"Demings, Val",D,1,239434
FL,10,Vennia,Francois,vennia francois,"Francois, Vennia",R,0,136889
FL,10,Sufiyah,Yasmine,sufiyah yasmine,"Yasmine, Sufiyah",OTHER,0,74
FL,11,Daniel,Webster,daniel webster,"Webster, Daniel",R,1,316979
FL,11,Dana Marie,Cottrell,dana cottrell,"Cottrell, Dana Marie",D,0,158094
FL,12,Gus Michael,Bilirakis,gus bilirakis,"Bilirakis, Gus Michael",R,1,284941
FL,12,Kimberly,Walker,kimberly walker,"Walker, Kimberly",D,0,168194
FL,13,Charlie,Crist,charlie crist,"Crist, Charlie",D,1,215405
FL,13,Anna Paulina,Luna,anna luna,"Luna, Anna Paulina",R,0,190713
FL,13,Jacob,Curnow,jacob curnow,"Curnow, Jacob",OTHER,0,7
FL,14,Kathy,Castor,kathy castor,"Castor, Kathy",D,1,224240
FL,14,Christine Y.,Quinn,christine quinn,"Quinn, Christine Y.",R,0,147896
FL,15,Scott,Franklin,scott franklin,"Franklin, Scott",R,0,216374
FL,15,Alan,Cohn,alan cohn,"Cohn, Alan",D,0,174297
FL,16,Vern,Buchanan,vern buchanan,"Buchanan, Vern",R,1,269001
FL,16,Margaret,Good,margaret good,"Good, Margaret",D,0,215683
FL,17,Greg,Steube,greg steube,"Steube, Greg",R,1,266514
FL,17,Allen,Ellison,allen ellison,"Ellison, Allen",D,0,140487
FL,17,"Theodore ""Pink Tie""",Murray,theodore murray,"Murray, Theodore ""Pink Tie""",OTHER,0,5396
FL,18,Brian,Mast,brian mast,"Mast, Brian",R,1,253286
FL,18,Pam,Keith,pam keith,"Keith, Pam",D,0,186674
FL,18,K. W.,Miller,k. miller,"Miller, K. W.",OTHER,0,9760
FL,19,Byron,Donalds,byron donalds,"Donalds, Byron",R,0,272440
FL,19,Cindy Lyn,Banyai,cindy banyai,"Banyai, Cindy Lyn",D,0,172146
FL,19,Patrick,Post,patrick post,"Post, Patrick",OTHER,0,3
FL,20,Alcee L.,Hastings,alcee hastings,"Hastings, Alcee L.",D,1,253661
FL,20,Greg,Musselwhite,greg musselwhite,"Musselwhite, Greg",R,0,68748
FL,21,Lois,Frankel,lois frankel,"Frankel, Lois",D,1,237925
FL,21,Laura,Loomer,laura loomer,"Loomer, Laura",R,0,157612
FL,21,Charleston,Malkemus,charleston malkemus,"Malkemus, Charleston",OTHER,0,7544
FL,21,Piotr,Blass,piotr blass,"Blass, Piotr",OTHER,0,4
FL,21,Sylvia,Caravetta,sylvia caravetta,"Caravetta, Sylvia",OTHER,0,8
FL,22,Ted,Deutch,ted deutch,"Deutch, Ted",D,1,235764
FL,22,"James ""Jim""",Pruden,james pruden,"Pruden, James ""Jim""",R,0,166553
FL,23,Debbie,Wasserman Schultz,debbie wasserman schultz,"Wasserman Schultz, Debbie",D,1,221239
FL,23,Carla,Spalding,carla spalding,"Spalding, Carla",R,0,158874
FL,23,"Demetrius ""DB""",Fugate,demetrius fugate,"Fugate, Demetrius ""DB""",OTHER,0,37
FL,23,Jeff,Olson,jeff olson,"Olson, Jeff",OTHER,0,46
FL,24,Frederica,Wilson,frederica wilson,"Wilson, Frederica",D,1,218825
FL,24,Lavern,Spicer,lavern spicer,"Spicer, Lavern",R,0,59084
FL,24,Christine Alexandria,Olivo,christine olivo,"Olivo, Christine Alexandria",OTHER,0,11703
FL,24,Howard,Knepper,howard knepper,"Knepper, Howard",OTHER,0,17
FL,24,Hector,Rivera,hector rivera,"Rivera, Hector",OTHER,0,9
FL,25,Mario,Diaz-Balart,mario diaz-balart,"Diaz-Balart, Mario",R,1,Unopposed
FL,26,Carlos,Gimenez,carlos gimenez,"Gimenez, Carlos",R,0,177223
FL,26,Debbie,Mucarsel-Powell,debbie mucarsel-powell,"Mucarsel-Powell, Debbie",D,1,165407
FL,27,Maria Elvira,Salazar,maria salazar,"Salazar, Maria Elvira",R,0,176141
FL,27,Donna,Shalala,donna shalala,"Shalala, Donna",D,1,166758
FL,27,"Frank E., Sr.",Polo,frank polo,"Polo, Frank E., Sr.",OTHER,0,76
GA,01,"Earl L. ""Buddy""",Carter,earl carter,"Carter, Earl L. ""Buddy""",R,1,189457
GA,01,Joyce Marie,Griggs,joyce griggs,"Griggs, Joyce Marie",D,0,135238
GA,02,Sanford,Bishop,sanford bishop,"Bishop, Sanford",D,1,161397
GA,02,Don,Cole,don cole,"Cole, Don",R,0,111620
GA,02,JaMelle,Hill,jamelle hill,"Hill, JaMelle",OTHER,0,17
GA,03,Drew,Ferguson,drew ferguson,"Ferguson, Drew",R,1,241526
GA,03,Val,Almonord,val almonord,"Almonord, Val",D,0,129792
GA,04,"Henry C. ""Hank,"" Jr.",Johnson,henry johnson,"Johnson, Henry C. ""Hank,"" Jr.",D,1,278906
GA,04,Johsie Cruz,Ezammudeen,johsie ezammudeen,"Ezammudeen, Johsie Cruz",R,0,69393
GA,05,Nikema,Williams,nikema williams,"Williams, Nikema",D,0,301857
GA,05,Angela,Stanton-King,angela stanton-king,"Stanton-King, Angela",R,0,52646
GA,06,Lucy,McBath,lucy mcbath,"McBath, Lucy",D,1,216775
GA,06,Karen,Handel,karen handel,"Handel, Karen",R,0,180329
GA,07,Carolyn,Bourdeaux,carolyn bourdeaux,"Bourdeaux, Carolyn",D,0,190900
GA,07,Rich ,McCormick,rich mccormick,"McCormick, Rich ",R,0,180564
GA,08,Austin,Scott,austin scott,"Scott, Austin",R,1,198701
GA,08,Lindsay ,Holliday,lindsay holliday,"Holliday, Lindsay ",D,0,109264
GA,08,"James L., III",Cooper,james cooper,"Cooper, James, III",OTHER,0,48
GA,09,Andrew,Clyde,andrew clyde,"Clyde, Andrew",R,0,292750
GA,09,Devin,Pandy,devin pandy,"Pandy, Devin",D,0,79797
GA,10,Jody,Hice,jody hice,"Hice, Jody",R,1,235810
GA,10,Tabitha,Johnson-Green,tabitha johnson-green,"Johnson-Green, Tabitha",D,0,142636
GA,11,Barry,Loudermilk,barry loudermilk,"Loudermilk, Barry",R,1,245259
GA,11,Dana,Barrett,dana barrett,"Barrett, Dana",D,0,160623
GA,12,Rick W.,Allen,rick allen,"Allen, Rick W.",R,1,181038
GA,12,Liz,Johnson,liz johnson,"Johnson, Liz",D,0,129061
GA,13,David,Scott,david scott,"Scott, David",D,1,279045
GA,13,Becky E.,Hites,becky hites,"Hites, Becky E.",R,0,81476
GA,13,Martin,Cowen,martin cowen,"Cowen, Martin",OTHER,0,61
GA,14,Marjorie Taylor,Greene,marjorie greene,"Greene, Marjorie Taylor",R,0,229827
GA,14,Kevin,Van Ausdal,kevin van ausdal,"Van Ausdal, Kevin",D,0,77798
GU,00,Michael F.Q.,San Nicolas,michael san nicolas,"San Nicolas, Michael F.Q.",D,1,13326
GU,00,Robert Anacletus,Underwood,robert underwood,"Underwood, Robert Anacletus",D,0,9309
GU,00,William Mendiola,Castro,william castro,"Castro, William Mendiola",R,0,5932
HI,01,Ed,Case,ed case,"Case, Ed",D,1,183245
HI,01,Ron,Curtis,ron curtis,"Curtis, Ron",R,0,71188
HI,02,Kaiali'I (Kai),Kahele,kaiali'i kahele,"Kahele, Kaiali'I (Kai)",D,0,171517
HI,02,Joe,Akana,joe akana,"Akana, Joe",R,0,84027
HI,02,Michelle Rose,Tippens,michelle tippens,"Tippens, Michelle Rose",OTHER,0,6785
HI,02,Jonathan,Hoomanawanui,jonathan hoomanawanui,"Hoomanawanui, Jonathan",OTHER,0,6453
HI,02,Ron,Burrus,ron burrus,"Burrus, Ron",OTHER,0,2659
HI,02,John (Raghu),Giuffre,john giuffre,"Giuffre, John (Raghu)",OTHER,0,661
ID,01,Russ,Fulcher,russ fulcher,"Fulcher, Russ",R,1,310736
ID,01,Rudy,Soto,rudy soto,"Soto, Rudy",D,0,131380
ID,01,Joe,Evans,joe evans,"Evans, Joe",OTHER,0,16453
ID,02,Mike,Simpson,mike simpson,"Simpson, Mike",R,1,250669
ID,02,C. Aaron,Swisher,c. swisher,"Swisher, C. Aaron",D,0,124151
ID,02,Idaho Sierra,Law,idaho law,"Law, Idaho Sierra",OTHER,0,7940
IL,01,Bobby L.,Rush,bobby rush,"Rush, Bobby L.",D,1,239943
IL,01,Philanise,White,philanise white,"White, Philanise",R,0,85027
IL,01,Ruth,Pellegrini,ruth pellegrini,"Pellegrini, Ruth",OTHER,0,153
IL,02,Robin,Kelly,robin kelly,"Kelly, Robin",D,1,234896
IL,02,Theresa J. ,Raborn,theresa raborn,"Raborn, Theresa J. ",R,0,63142
IL,03,Marie,Newman,marie newman,"Newman, Marie",D,0,172997
IL,03,Mike,Fricilone,mike fricilone,"Fricilone, Mike",R,0,133851
IL,04,"Jesus ""Chuy""",Garcia,jesus garcia,"Garcia, Jesus ""Chuy""",D,1,187219
IL,04,Jesus,Solorio,jesus solorio,"Solorio, Jesus",R,0,35518
IL,05,Mike ,Quigley,mike quigley,"Quigley, Mike ",D,1,255661
IL,05,Tommy ,Hanson,tommy hanson,"Hanson, Tommy ",R,0,96200
IL,05,Thomas J,Wilda,thomas wilda,"Wilda, Thomas J",OTHER,0,9408
IL,05,Frank,Rowder,frank rowder,"Rowder, Frank",OTHER,0,2
IL,06,Sean,Casten,sean casten,"Casten, Sean",D,1,213777
IL,06,Jeanne ,Ives,jeanne ives,"Ives, Jeanne ",R,0,183891
IL,06,Bill,Redpath,bill redpath,"Redpath, Bill",OTHER,0,7079
IL,07,Danny K. ,Davis,danny davis,"Davis, Danny K. ",D,1,249383
IL,07,Craig,Cameron,craig cameron,"Cameron, Craig",R,0,41390
IL,07,Tracy,Jennings,tracy jennings,"Jennings, Tracy",OTHER,0,19355
IL,08,Raja,Krishnamoorthi,raja krishnamoorthi,"Krishnamoorthi, Raja",D,1,186251
IL,08,Preston Gabriel,Nelson,preston nelson,"Nelson, Preston Gabriel",OTHER,0,68327
IL,09,Janice D. ,Schakowsky,janice schakowsky,"Schakowsky, Janice D. ",D,1,262045
IL,09,Sargis,Sangari,sargis sangari,"Sangari, Sargis",R,0,107125
IL,10,Brad,Schneider,brad schneider,"Schneider, Brad",D,1,202402
IL,10,Valerie Ramirez,Mukherjee,valerie mukherjee,"Mukherjee, Valerie Ramirez",R,0,114442
IL,10,Joseph W.,Kopsick,joseph kopsick,"Kopsick, Joseph W.",OTHER,0,18
IL,10,David,Rych,david rych,"Rych, David",OTHER,0,12
IL,11,Bill ,Foster,bill foster,"Foster, Bill ",D,1,194557
IL,11,Rick,Laib,rick laib,"Laib, Rick",R,0,112807
IL,11,Jon,Harlson,jon harlson,"Harlson, Jon",OTHER,0,13
IL,12,Mike,Bost,mike bost,"Bost, Mike",R,1,194839
IL,12,Raymond C.,Lenzi,raymond lenzi,"Lenzi, Raymond C.",D,0,127577
IL,13,Rodney ,Davis,rodney davis,"Davis, Rodney ",R,1,181373
IL,13,Betsy Dirksen,Longdrigan,betsy longdrigan,"Longdrigan, Betsy Dirksen",D,0,151648
IL,14,Lauren,Underwood,lauren underwood,"Underwood, Lauren",D,1,203209
IL,14,Jim ,Oberweis,jim oberweis,"Oberweis, Jim ",R,0,197835
IL,14,Joseph,Monack,joseph monack,"Monack, Joseph",OTHER,0,8
IL,15,Mary ,Miller,mary miller,"Miller, Mary ",R,0,244947
IL,15,Erika C.,Weaver,erika weaver,"Weaver, Erika C.",D,0,88559
IL,16,Adam,Kinzinger,adam kinzinger,"Kinzinger, Adam",R,1,218839
IL,16,Dani,Brzozowski,dani brzozowski,"Brzozowski, Dani",D,0,119313
IL,16,Braden,McCullough,braden mccullough,"McCullough, Braden",OTHER,0,4
IL,16,Roy,Jones,roy jones,"Jones, Roy",OTHER,0,3
IL,17,Cheri,Bustos,cheri bustos,"Bustos, Cheri",D,1,156011
IL,17,Esther Joy,King,esther king,"King, Esther Joy",R,0,143863
IL,17,General,Parker (The General),general parker (the general),"Parker, General",OTHER,0,21
IL,18,Darin ,LaHood,darin lahood,"LaHood, Darin ",R,1,261840
IL,18,George,Petrilli,george petrilli,"Petrilli, George",D,0,110039
IN,01,Frank J.,Mrvan,frank mrvan,"Mrvan, Frank J.",D,0,185180
IN,01,Mark,Leyva,mark leyva,"Leyva, Mark",R,0,132247
IN,01,Michael,Strauss,michael strauss,"Strauss, Michael",OTHER,0,9521
IN,02,Jackie ,Walorski,jackie walorski,"Walorski, Jackie ",R,1,183601
IN,02,Patricia (Pat),Hackett,patricia hackett,"Hackett, Patricia (Pat)",D,0,114967
IN,03,Jim,Banks,jim banks,"Banks, Jim",R,1,220989
IN,03,Chip,Coldiron,chip coldiron,"Coldiron, Chip",D,0,104762
IN,04,Jim,Baird,jim baird,"Baird, Jim",R,1,225531
IN,04,Joe,Mackey,joe mackey,"Mackey, Joe",D,0,112984
IN,05,Victoria,Spartz,victoria spartz,"Spartz, Victoria",R,0,208212
IN,05,Christina,Hale,christina hale,"Hale, Christina",D,0,191226
IN,05,Kenneth,Tucker,kenneth tucker,"Tucker, Kenneth",OTHER,0,16788
IN,06,Greg,Pence,greg pence,"Pence, Greg",R,1,225319
IN,06,Jeannine Lee,Lake,jeannine lake,"Lake, Jeannine Lee",D,0,91103
IN,06,Tom,Ferkinhoff,tom ferkinhoff,"Ferkinhoff, Tom",OTHER,0,11791
IN,07,André,Carson,andré carson,"Carson, André",D,1,176422
IN,07,Susan Marie,Smith,susan smith,"Smith, Susan Marie",R,0,106146
IN,08,Larry D.,Bucshon,larry bucshon,"Bucshon, Larry D.",R,1,214643
IN,08,E. Thomasina,Marsili,e. marsili,"Marsili, E. Thomasina",D,0,95691
IN,08,James D.,Rodenberger,james rodenberger,"Rodenberger, James D.",OTHER,0,10283
IN,09,Trey,Hollingsworth,trey hollingsworth,"Hollingsworth, Trey",R,1,222057
IN,09,Andy,Ruff,andy ruff,"Ruff, Andy",D,0,122566
IN,09,Tonya L.,Millis,tonya millis,"Millis, Tonya L.",OTHER,0,14415
IA,01,Ashley,Hinson,ashley hinson,"Hinson, Ashley",R,0,212088
IA,01,Abby,Finkenauer,abby finkenauer,"Finkenauer, Abby",D,1,201347
IA,02,Mariannette ,Miller-Meeks,mariannette miller-meeks,"Miller-Meeks, Mariannette ",R,0,196964
IA,02,Rita R.,Hart,rita hart,"Hart, Rita R.",D,0,196958
IA,03,Cindy,Axne,cindy axne,"Axne, Cindy",D,1,219205
IA,03,David,Young,david young,"Young, David",R,0,212997
IA,03,Bryan Jack,Holder,bryan holder,"Holder, Bryan Jack",OTHER,0,15361
IA,04,Randy,Feenstra,randy feenstra,"Feenstra, Randy",R,0,237369
IA,04,J.D.,Scholten,j.d. scholten,"Scholten, J.D.",D,0,144761
KS,01,Tracey,Mann,tracey mann,"Mann, Tracey",R,0,208229
KS,01,Kali,Barnett,kali barnett,"Barnett, Kali",D,0,84393
KS,02,Jake,LaTurner,jake laturner,"LaTurner, Jake",R,0,185464
KS,02,Michelle,De La Isla,michelle de la isla,"De La Isla, Michelle",D,0,136650
KS,02,Robert,Garrard,robert garrard,"Garrard, Robert",OTHER,0,14201
KS,03,Sharice L.,Davids,sharice davids,"Davids, Sharice L.",D,1,220049
KS,03,Amanda L.,Adkins,amanda adkins,"Adkins, Amanda L.",R,0,178773
KS,03,Steven A.,Hohe,steven hohe,"Hohe, Steven A.",OTHER,0,11596
KS,04,Ron,Estes,ron estes,"Estes, Ron",R,1,203432
KS,04,Laura,Lombard,laura lombard,"Lombard, Laura",D,0,116166
KY,01,James R.,Comer,james comer,"Comer, James R.",R,1,246329
KY,01,James,Rhodes,james rhodes,"Rhodes, James",D,0,82141
KY,02,S. Brett,Guthrie,s. guthrie,"Guthrie, S. Brett",R,1,255735
KY,02,Hank,Linderman,hank linderman,"Linderman, Hank",D,0,94643
KY,02,Robert Lee,Perry,robert perry,"Perry, Robert Lee",OTHER,0,7588
KY,02,Lewis,Carter,lewis carter,"Carter, Lewis",OTHER,0,2431
KY,02,Poet J.,Tribble,poet tribble,"Tribble, Poet J.",OTHER,0,2
KY,03,John A.,Yarmuth,john yarmuth,"Yarmuth, John A.",D,1,230672
KY,03,Rhonda,Palazzo,rhonda palazzo,"Palazzo, Rhonda",R,0,137425
KY,04,Thomas,Massie,thomas massie,"Massie, Thomas",R,1,256613
KY,04,Alexandra,Owensby,alexandra owensby,"Owensby, Alexandra",D,0,125896
KY,05,"Harold ""Hal""",Rogers,harold rogers,"Rogers, Harold ""Hal""",R,1,250914
KY,05,Matthew Ryan,Best,matthew best,"Best, Matthew Ryan",D,0,47056
KY,06,Andy,Barr,andy barr,"Barr, Andy",R,1,216948
KY,06,Josh,Hicks,josh hicks,"Hicks, Josh",D,0,155011
KY,06,Frank,Harris,frank harris,"Harris, Frank",OTHER,0,6491
LA,01,Steve,Scalise,steve scalise,"Scalise, Steve",R,1,270330
LA,01,Lee Ann,Dugas,lee dugas,"Dugas, Lee Ann",D,0,94730
LA,01,Howard,Kearney,howard kearney,"Kearney, Howard",OTHER,0,9309
LA,02,Cedric L.,Richmond,cedric richmond,"Richmond, Cedric L.",D,1,201636
LA,02,David M.,Schilling,david schilling,"Schilling, David M.",R,0,47575
LA,02,Glenn Adrian,Harris,glenn harris,"Harris, Glenn Adrian",D,0,33684
LA,02,"Sheldon C., Sr.",Vincent,sheldon vincent,"Vincent, Sheldon C., Sr.",R,0,15565
LA,02,"Belden ""Noonie Man""",Batiste,belden batiste,"Batiste, Belden ""Noonie Man""",OTHER,0,12268
LA,02,Colby,James,colby james,"James, Colby",OTHER,0,6254
LA,03,Clay,Higgins,clay higgins,"Higgins, Clay",R,1,230480
LA,03,Braylon,Harris,braylon harris,"Harris, Braylon",D,0,60852
LA,03,"""Rob""",Anderson,"""rob"" anderson","Anderson, ""Rob""",D,0,39423
LA,03,Brandon,Leleux,brandon leleux,"Leleux, Brandon",OTHER,0,9365
LA,04,"""Mike""",Johnson,"""mike"" johnson","Johnson, ""Mike""",R,1,185265
LA,04,Kenny,Houston,kenny houston,"Houston, Kenny",D,0,78157
LA,04,Ryan,Trundle,ryan trundle,"Trundle, Ryan",D,0,23813
LA,04,Ben,Gibson,ben gibson,"Gibson, Ben",R,0,19343
LA,05,Luke J.,Letlow,luke letlow,"Letlow, Luke J.",R,0,102533
LA,05,Lance,Harris,lance harris,"Harris, Lance",R,0,51240
LA,05,"Sandra ""Candy""",Christophe,sandra christophe,"Christophe, Sandra ""Candy""",D,0,50812
LA,05,"Martin, Jr.",Lemelle,"martin, lemelle","Lemelle, Martin, Jr.",D,0,32186
LA,05,"""Scotty""",Robinson,"""scotty"" robinson","Robinson, ""Scotty""",R,0,23887
LA,05,"Allen, Sr.",Guillory,"allen, guillory","Guillory, Allen, Sr.",R,0,22496
LA,05,"""Matt""",Hasty,"""matt"" hasty","Hasty, ""Matt""",R,0,9834
LA,05,Phillip,Snowden,phillip snowden,"Snowden, Phillip",D,0,9432
LA,05,Jesse P.,Lagarde,jesse lagarde,"Lagarde, Jesse P.",D,0,7136
LA,06,Garret,Graves,garret graves,"Graves, Garret",R,1,265706
LA,06,"Dartanyon ""DAW""",Williams,dartanyon williams,"Williams, Dartanyon ""DAW""",D,0,95541
LA,06,Shannon,Sloan,shannon sloan,"Sloan, Shannon",OTHER,0,9732
LA,06,"Richard ""RPT""",Torregano,richard torregano,"Torregano, Richard ""RPT""",OTHER,0,3017
ME,01,Chellie M.,Pingree,chellie pingree,"Pingree, Chellie M.",D,1,271004
ME,01,Jay T.,Allen,jay allen,"Allen, Jay T.",R,0,165008
ME,02,Jared F.,Golden,jared golden,"Golden, Jared F.",D,1,197974
ME,02,Dale John,Crafts,dale crafts,"Crafts, Dale John",OTHER,0,175228
MD,01,Andy ,Harris,andy harris,"Harris, Andy ",R,1,250901
MD,01,Mia ,Mason,mia mason,"Mason, Mia ",D,0,143877
MD,02,C.A. Dutch ,Ruppersberger,c.a. ruppersberger,"Ruppersberger, C.A. Dutch ",D,1,224836
MD,02,Johnny Ray ,Salling,johnny salling,"Salling, Johnny Ray ",R,0,106355
MD,03,John ,Sarbanes,john sarbanes,"Sarbanes, John ",D,1,260358
MD,03,Charles ,Anthony,charles anthony,"Anthony, Charles ",R,0,112117
MD,04,Anthony G. ,Brown,anthony brown,"Brown, Anthony G. ",D,1,282119
MD,04,George E. ,McDermott,george mcdermott,"McDermott, George E. ",R,0,71671
MD,05,Steny H. ,Hoyer,steny hoyer,"Hoyer, Steny H. ",D,1,274210
MD,05,Chris ,Palombi,chris palombi,"Palombi, Chris ",R,0,123525
MD,06,David J. ,Trone,david trone,"Trone, David J. ",D,1,215540
MD,06,Neil C.,Parrott,neil parrott,"Parrott, Neil C.",R,0,143599
MD,06,George ,Gluck,george gluck,"Gluck, George ",OTHER,0,6893
MD,06,Jason,Herrick,jason herrick,"Herrick, Jason",OTHER,0,46
MD,07,Kweisi,Mfume,kweisi mfume,"Mfume, Kweisi  #",D,0,237084
MD,07,Kimberly ,Klacik,kimberly klacik,"Klacik, Kimberly ",R,0,92825
MD,07,Charles U.,Smith,charles smith,"Smith, Charles U.",OTHER,0,21
MD,07,Ray,Bly,ray bly,"Bly, Ray",OTHER,0,16
MD,08,Jamie ,Raskin,jamie raskin,"Raskin, Jamie ",D,1,274716
MD,08,Gregory Thomas,Coll,gregory coll,"Coll, Gregory Thomas",R,0,127157
MD,08,Lih,Young,lih young,"Young, Lih",OTHER,0,27
MA,01,Richard E.,Neal,richard neal,"Neal, Richard E.",D,1,275376
MA,01,Alex B.,Morse,alex morse,"Morse, Alex B.",OTHER,0,1274
MA,02,James P.,McGovern,james mcgovern,"McGovern, James P.",D,1,249854
MA,02,Tracy Lyn,Lovvorn,tracy lovvorn,"Lovvorn, Tracy Lyn",R,0,132220
MA,03,Lori Loureiro,Trahan,lori trahan,"Trahan, Lori Loureiro",D,1,286896
MA,04,Jake,Auchincloss,jake auchincloss,"Auchincloss, Jake",D,0,251102
MA,04,Julie A.,Hall,julie hall,"Hall, Julie A.",R,0,160474
MA,05,Katherine M.,Clark,katherine clark,"Clark, Katherine M.",D,1,294427
MA,05,Caroline,Colarusso,caroline colarusso,"Colarusso, Caroline",R,0,101351
MA,06,Seth,Moulton,seth moulton,"Moulton, Seth",D,1,286377
MA,06,John Paul,Moran,john moran,"Moran, John Paul",R,0,150695
MA,07,Ayanna S.,Pressley,ayanna pressley,"Pressley, Ayanna S.",D,1,267362
MA,07,"Roy A., Sr.",Owens,roy owens,"Owens, Roy A., Sr.",OTHER,0,38675
MA,07,Rayla Danella,Campbell,rayla campbell,"Campbell, Rayla Danella",OTHER,0,695
MA,07,Rachel Nicole,Miselman,rachel miselman,"Miselman, Rachel Nicole",OTHER,0,11
MA,07,Claudette N.,Joseph,claudette joseph,"Joseph, Claudette N.",OTHER,0,1
MA,08,Stephen F.,Lynch,stephen lynch,"Lynch, Stephen F.",D,1,310940
MA,08,Jonathan D.,Lott,jonathan lott,"Lott, Jonathan D.",OTHER,0,72060
MA,09,Bill,Keating,bill keating,"Keating, Bill",D,1,260262
MA,09,Helen,Brady,helen brady,"Brady, Helen",R,0,154261
MA,09,Michael,Manley,michael manley,"Manley, Michael",OTHER,0,9717
MI,01,Jack,Bergman,jack bergman,"Bergman, Jack",R,1,256581
MI,01,Dana,Ferguson,dana ferguson,"Ferguson, Dana",D,0,153328
MI,01,Ben,Boren,ben boren,"Boren, Ben",OTHER,0,6310
MI,02,Bill,Huizenga,bill huizenga,"Huizenga, Bill",R,1,238711
MI,02,Bryan,Berghoef,bryan berghoef,"Berghoef, Bryan",D,0,154122
MI,02,Max,Riekse,max riekse,"Riekse, Max",OTHER,0,5292
MI,02,Jean-Michel,Creviere,jean-michel creviere,"Creviere, Jean-Michel",OTHER,0,2646
MI,02,Gerald T.,Van Sickle,gerald van sickle,"Van Sickle, Gerald T.",OTHER,0,2476
MI,03,Peter,Meijer,peter meijer,"Meijer, Peter",R,0,213649
MI,03,Hillary,Scholten,hillary scholten,"Scholten, Hillary",D,0,189769
MI,03,Richard David,Fuentes,richard fuentes,"Fuentes, Richard David",OTHER,0,1
MI,04,John,Moolenaar,john moolenaar,"Moolenaar, John",R,1,242621
MI,04,Jerry ,Hilliard,jerry hilliard,"Hilliard, Jerry ",D,0,120802
MI,04,David,Canny,david canny,"Canny, David",OTHER,0,5374
MI,04,Amy,Slepr,amy slepr,"Slepr, Amy",OTHER,0,4448
MI,05,Daniel T.,Kildee,daniel kildee,"Kildee, Daniel T.",D,1,196599
MI,05,Tim,Kelly,tim kelly,"Kelly, Tim",R,0,150772
MI,05,Kathy,Goodwin,kathy goodwin,"Goodwin, Kathy",OTHER,0,8180
MI,05,James,Harris,james harris,"Harris, James",OTHER,0,5481
MI,06,Fred,Upton,fred upton,"Upton, Fred",R,1,211496
MI,06,Jon,Hoadley,jon hoadley,"Hoadley, Jon",D,0,152085
MI,06,Jeff,DePoy,jeff depoy,"DePoy, Jeff",OTHER,0,10399
MI,06,John,Lawrence,john lawrence,"Lawrence, John",OTHER,0,4440
MI,06,Jerry,Solis,jerry solis,"Solis, Jerry",OTHER,0,560
MI,07,Tim ,Walberg,tim walberg,"Walberg, Tim ",R,1,227524
MI,07,Gretchen D.,Driskell,gretchen driskell,"Driskell, Gretchen D.",D,0,159743
MI,08,Elissa,Slotkin,elissa slotkin,"Slotkin, Elissa",D,1,217922
MI,08,Paul,Junge,paul junge,"Junge, Paul",R,0,202525
MI,08,Joe,Hartman,joe hartman,"Hartman, Joe",OTHER,0,7897
MI,09,Andy,Levin,andy levin,"Levin, Andy",D,1,230318
MI,09,Charles J.,Langworthy,charles langworthy,"Langworthy, Charles J.",R,0,153296
MI,09,Andrea L.,Kirby,andrea kirby,"Kirby, Andrea L.",OTHER,0,8970
MI,09,Mike,Saliba,mike saliba,"Saliba, Mike",OTHER,0,6532
MI,09,Douglas Allen,Troszak,douglas troszak,"Troszak, Douglas Allen",OTHER,0,1
MI,10,Lisa,McClain,lisa mcclain,"McClain, Lisa",R,0,271607
MI,10,Kimberly,Bizon,kimberly bizon,"Bizon, Kimberly",D,0,138179
MI,11,Haley,Stevens,haley stevens,"Stevens, Haley",D,1,226128
MI,11,Eric S.,Esshaki,eric esshaki,"Esshaki, Eric S.",R,0,215405
MI,11,Leonard,Schwartz,leonard schwartz,"Schwartz, Leonard",OTHER,0,8936
MI,11,Frank,Acosta,frank acosta,"Acosta, Frank",OTHER,0,4
MI,12,Debbie ,Dingell,debbie dingell,"Dingell, Debbie ",D,1,254957
MI,12,Jeff,Jones,jeff jones,"Jones, Jeff",R,0,117719
MI,12,Gary,Walkowicz,gary walkowicz,"Walkowicz, Gary",OTHER,0,11147
MI,13,Rashida,Tlaib,rashida tlaib,"Tlaib, Rashida",D,1,223205
MI,13,David,Dudenhoefer,david dudenhoefer,"Dudenhoefer, David",R,0,53311
MI,13,Sam,Johnson,sam johnson,"Johnson, Sam",OTHER,0,5284
MI,13,D. Etta,Wilcoxon,d. wilcoxon,"Wilcoxon, D. Etta",OTHER,0,2105
MI,13,Articia,Bomer,articia bomer,"Bomer, Articia",OTHER,0,1974
MI,13,Donald,Eason,donald eason,"Eason, Donald",OTHER,0,6
MI,14,Brenda,Lawrence,brenda lawrence,"Lawrence, Brenda",D,1,271370
MI,14,Robert Vance,Patrick,robert patrick,"Patrick, Robert Vance",R,0,62664
MI,14,Lisa Lane,Gioia,lisa gioia,"Gioia, Lisa Lane",OTHER,0,3737
MI,14,Philip,Kolody,philip kolody,"Kolody, Philip",OTHER,0,2534
MI,14,Clyde K.,Shabazz,clyde shabazz,"Shabazz, Clyde K.",OTHER,0,1998
MN,01,Jim ,Hagedorn,jim hagedorn,"Hagedorn, Jim",R,1,179234
MN,01,Dan ,Feehan,dan feehan,"Feehan, Dan",OTHER,0,167890
MN,01,Bill ,Rood,bill rood,"Rood, Bill",OTHER,0,21448
MN,02,Angie ,Craig,angie craig,"Craig, Angie",OTHER,1,204534
MN,02,Tyler ,Kistner,tyler kistner,"Kistner, Tyler",R,0,194954
MN,02,Adam Charles ,Weeks,adam weeks,"Weeks, Adam Charles",OTHER,0,24751
MN,03,Dean ,Phillips,dean phillips,"Phillips, Dean",OTHER,1,246666
MN,03,Kendall ,Qualls,kendall qualls,"Qualls, Kendall",R,0,196625
MN,04,Betty ,McCollum,betty mccollum,"McCollum, Betty",OTHER,1,245813
MN,04,Gene ,Rechtzigel,gene rechtzigel,"Rechtzigel, Gene",R,0,112730
MN,04,Susan ,Sindt,susan sindt,"Sindt, Susan",OTHER,0,29537
MN,05,Ilhan ,Omar,ilhan omar,"Omar, Ilhan",OTHER,1,255924
MN,05,Lacy,Johnson,lacy johnson,"Johnson, Lacy",R,0,102878
MN,05,Michael ,Moore,michael moore,"Moore, Michael",OTHER,0,37979
MN,05,Toya,Woodland,toya woodland,"Woodland, Toya",OTHER,0,34
MN,06,Tom ,Emmer,tom emmer,"Emmer, Tom",R,1,270901
MN,06,Tawnja ,Zahradka,tawnja zahradka,"Zahradka, Tawnja",OTHER,0,140853
MN,07,Michelle ,Fischbach,michelle fischbach,"Fischbach, Michelle",R,0,194066
MN,07,Collin C.,Peterson,collin peterson,"Peterson, Collin C.",OTHER,1,144840
MN,07,Slater ,Johnson,slater johnson,"Johnson, Slater",OTHER,0,17710
MN,07,Rae Hart ,Anderson,rae anderson,"Anderson, Rae Hart",OTHER,0,6499
MN,08,Pete ,Stauber,pete stauber,"Stauber, Pete",R,1,223432
MN,08,Quinn ,Nystrom,quinn nystrom,"Nystrom, Quinn",OTHER,0,147853
MN,08,Judith ,Schwartzbacker,judith schwartzbacker,"Schwartzbacker, Judith",OTHER,0,22190
MS,01,Trent,Kelly,trent kelly,"Kelly, Trent",R,1,228787
MS,01,Antonia,Eliason,antonia eliason,"Eliason, Antonia",D,0,104008
MS,02,Bennie G. ,Thompson,bennie thompson,"Thompson, Bennie G. ",D,1,196224
MS,02,Brian ,Flowers,brian flowers,"Flowers, Brian ",R,0,101010
MS,03,Michael,Guest,michael guest,"Guest, Michael",R,1,221064
MS,03,"Dorothy ""Dot""",Benford,dorothy benford,"Benford, Dorothy ""Dot""",D,0,120782
MS,04,Steven M.,Palazzo,steven palazzo,"Palazzo, Steven M.",R,1,255971
MO,01,Cori,Bush,cori bush,"Bush, Cori",D,0,249087
MO,01,Anthony,Rogers,anthony rogers,"Rogers, Anthony",R,0,59940
MO,01,Alex,Furman,alex furman,"Furman, Alex",OTHER,0,6766
MO,01,Martin D.,Baker,martin baker,"Baker, Martin D.",OTHER,0,378
MO,02,Ann,Wagner,ann wagner,"Wagner, Ann",R,1,233157
MO,02,Jill ,Schupp,jill schupp,"Schupp, Jill ",D,0,204540
MO,02,Martin,Schulte,martin schulte,"Schulte, Martin",OTHER,0,11647
MO,02,Gina,Bufe,gina bufe,"Bufe, Gina",OTHER,0,4
MO,03,Blaine,Luetkemeyer,blaine luetkemeyer,"Luetkemeyer, Blaine",R,1,282866
MO,03,Megan,Rezabek,megan rezabek,"Rezabek, Megan",D,0,116095
MO,03,"Leonard J., II",Steinman,leonard steinman,"Steinman, Leonard J., II",OTHER,0,8344
MO,03,Thomas (Tom),Clapp,thomas clapp,"Clapp, Thomas (Tom)",OTHER,0,43
MO,04,Vicky ,Hartzler,vicky hartzler,"Hartzler, Vicky ",R,1,245247
MO,04,Lindsey ,Simmons,lindsey simmons,"Simmons, Lindsey ",D,0,107635
MO,04,Steven K.,Koonse,steven koonse,"Koonse, Steven K.",OTHER,0,9954
MO,05,"Emanuel, II",Cleaver,"emanuel, cleaver","Cleaver, Emanuel, II",D,1,207180
MO,05,Ryan,Derks,ryan derks,"Derks, Ryan",R,0,135934
MO,05,Robin,Dominick,robin dominick,"Dominick, Robin",OTHER,0,9272
MO,05,Antwain,Winters,antwain winters,"Winters, Antwain",OTHER,0,41
MO,05,Emmanuel,Dorn,emmanuel dorn,"Dorn, Emmanuel",OTHER,0,2
MO,05,Billy,Ballard,billy ballard,"Ballard, Billy",OTHER,0,1
MO,06,Sam,Graves,sam graves,"Graves, Sam",R,1,258709
MO,06,Gena L. ,Ross,gena ross,"Ross, Gena L. ",D,0,118926
MO,06,Jim ,Higgins,jim higgins,"Higgins, Jim ",OTHER,0,8144
MO,07,Billy,Long,billy long,"Long, Billy",R,1,254318
MO,07,Teresa,Montseny,teresa montseny,"Montseny, Teresa",D,0,98111
MO,07,Kevin ,Craig,kevin craig,"Craig, Kevin ",OTHER,0,15573
MO,07,Audrey,Richards,audrey richards,"Richards, Audrey",OTHER,0,1279
MO,07,Dennis,Davis,dennis davis,"Davis, Dennis",OTHER,0,2
MO,08,Jason ,Smith,jason smith,"Smith, Jason ",R,1,253811
MO,08,Kathy,Ellis,kathy ellis,"Ellis, Kathy",D,0,70561
MO,08,Tom,Schmitz,tom schmitz,"Schmitz, Tom",OTHER,0,5854
MT,00,Matt,Rosendale,matt rosendale,"Rosendale, Matt",R,0,339169
MT,00,Kathleen,Williams,kathleen williams,"Williams, Kathleen",D,0,262340
MT,00,John,Gibney,john gibney,"Gibney, John",OTHER,0,#
NE,01,Jeff,Fortenberry,jeff fortenberry,"Fortenberry, Jeff",R,1,189006
NE,01,Kate ,Bolz,kate bolz,"Bolz, Kate ",D,0,119622
NE,01,Dennis B.,Grace,dennis grace,"Grace, Dennis B.",OTHER,0,8938
NE,02,Donald,Bacon,donald bacon,"Bacon, Donald",R,1,171071
NE,02,Kara,Eastman,kara eastman,"Eastman, Kara",D,0,155706
NE,02,Tyler,Schaeffer,tyler schaeffer,"Schaeffer, Tyler",OTHER,0,10185
NE,03,Adrian,Smith,adrian smith,"Smith, Adrian",R,1,225157
NE,03,"Mark, Jr.",Elworth,"mark, elworth","Elworth, Mark, Jr.",D,0,50690
NE,03,Dustin C.,Hobbs,dustin hobbs,"Hobbs, Dustin C.",OTHER,0,10923
NV,01,Dina,Titus,dina titus,"Titus, Dina",D,1,137868
NV,01,Joyce,Bentley,joyce bentley,"Bentley, Joyce",R,0,74490
NV,01,Kamau ,Bakari,kamau bakari,"Bakari, Kamau ",OTHER,0,6190
NV,01,"Robert Van, Jr.",Strawder,robert strawder,"Strawder, Robert Van, Jr.",OTHER,0,4665
NV,02,Mark E.,Amodei,mark amodei,"Amodei, Mark E.",R,1,216078
NV,02,Patricia,Ackerman,patricia ackerman,"Ackerman, Patricia",D,0,155780
NV,02,Janine,Hansen,janine hansen,"Hansen, Janine",OTHER,0,10815
NV,03,Susie,Lee,susie lee,"Lee, Susie",D,1,203421
NV,03,"Dan ""Big Dan""",Rodimer,dan rodimer,"Rodimer, Dan ""Big Dan""",R,0,190975
NV,03,Steve,Brown,steve brown,"Brown, Steve",OTHER,0,12315
NV,03,"Ed S., II",Bridges,ed bridges,"Bridges, Ed S., II",OTHER,0,10541
NV,04,Steven,Horsford,steven horsford,"Horsford, Steven",D,1,168457
NV,04,Jim,Marchant,jim marchant,"Marchant, Jim",R,0,152284
NV,04,Jonathan Royce,Esteban,jonathan esteban,"Esteban, Jonathan Royce",OTHER,0,7978
NV,04,Barry L.,Rubinson,barry rubinson,"Rubinson, Barry L.",OTHER,0,3750
NH,01,Chris,Pappas,chris pappas,"Pappas, Chris",D,1,205606
NH,01,Matt,Mowers,matt mowers,"Mowers, Matt",R,0,185159
NH,01,Zachary S.,Dumont,zachary dumont,"Dumont, Zachary S. ",OTHER,0,9747
NH,02,Anne ,McClane Kuster,anne mcclane kuster,"McClane Kuster, Anne ",D,1,208289
NH,02,Steven,Negron,steven negron,"Negron, Steven",R,0,168886
NH,02,Andrew,Olding,andrew olding,"Olding, Andrew",OTHER,0,9119
NJ,01,Donald W. ,Norcross,donald norcross,"Norcross, Donald W. ",D,1,240567
NJ,01,Claire H.,Gustafson,claire gustafson,"Gustafson, Claire H.",R,0,144463
NJ,02,Jeff,Van Drew,jeff van drew,"Van Drew, Jeff",R,1,195526
NJ,02,Amy ,Kennedy,amy kennedy,"Kennedy, Amy ",D,0,173849
NJ,02,Jenna,Harvey,jenna harvey,"Harvey, Jenna",OTHER,0,4136
NJ,02,Jesse,Ehrnstrom,jesse ehrnstrom,"Ehrnstrom, Jesse",OTHER,0,3036
NJ,03,Andy,Kim,andy kim,"Kim, Andy",D,1,229840
NJ,03,David ,Richter,david richter,"Richter, David ",R,0,196327
NJ,03,Martin,Weber,martin weber,"Weber, Martin",OTHER,0,3724
NJ,03,Robert,Shapiro,robert shapiro,"Shapiro, Robert",OTHER,0,1871
NJ,04,Christopher H.,Smith,christopher smith,"Smith, Christopher H.",R,1,254103
NJ,04,Stephanie,Schmid,stephanie schmid,"Schmid, Stephanie",D,0,162420
NJ,04,Hank,Schroeder,hank schroeder,"Schroeder, Hank",OTHER,0,3195
NJ,04,Michael J.,Rufo,michael rufo,"Rufo, Michael J.",OTHER,0,2583
NJ,04,Andrew,Pachuta,andrew pachuta,"Pachuta, Andrew",OTHER,0,2067
NJ,05,Josh,Gottheimer,josh gottheimer,"Gottheimer, Josh",D,1,225175
NJ,05,Frank T. ,Pallotta,frank pallotta,"Pallotta, Frank T. ",R,0,193333
NJ,05,Louis A.,Vellucci,louis vellucci,"Vellucci, Louis A.",OTHER,0,5128
NJ,06,"Frank, Jr.",Pallone,"frank, pallone","Pallone, Frank, Jr.",D,1,199648
NJ,06,Christian,Onuoha,christian onuoha,"Onuoha, Christian",OTHER,0,126760
NJ,07,Tom,Malinowski,tom malinowski,"Malinowski, Tom",D,1,219688
NJ,07,"Thomas H., Jr.",Kean,thomas kean,"Kean, Thomas H., Jr.",R,0,214359
NJ,08,Albio,Sires,albio sires,"Sires, Albio",D,1,176758
NJ,08,Jason Todd,Mushnick,jason mushnick,"Mushnick, Jason Todd",R,0,58686
NJ,08,Dan,Delaney,dan delaney,"Delaney, Dan",OTHER,0,3329
NJ,09,"Bill, Jr.",Pascrell,"bill, pascrell","Pascrell, Bill, Jr.",D,1,203674
NJ,09,Billy,Prempeh,billy prempeh,"Prempeh, Billy",R,0,98629
NJ,09,Chris,Auriemma,chris auriemma,"Auriemma, Chris",OTHER,0,7239
NJ,10,"Donald M., Jr.",Payne,donald payne,"Payne, Donald M., Jr.",D,1,241522
NJ,10,Jennifer,Zinone,jennifer zinone,"Zinone, Jennifer",R,0,40298
NJ,10,Akil,Khalfani,akil khalfani,"Khalfani, Akil",OTHER,0,3537
NJ,10,Khaliah,Fitchette,khaliah fitchette,"Fitchette, Khaliah",OTHER,0,3480
NJ,10,John,Mirrione,john mirrione,"Mirrione, John",OTHER,0,1172
NJ,11,Mikie,Sherrill,mikie sherrill,"Sherrill, Mikie",D,1,235163
NJ,11,Rosemary,Becchi,rosemary becchi,"Becchi, Rosemary",R,0,206013
NJ,12,Bonnie Watson,Coleman,bonnie coleman,"Coleman, Bonnie Watson",D,1,230883
NJ,12,Mark,Razzoli,mark razzoli,"Razzoli, Mark",R,0,114591
NJ,12,"Edward ""NJ Weedman""",Forchion,edward forchion,"Forchion, Edward ""NJ Weedman""",OTHER,0,4512
NJ,12,Kenneth J.,Cody,kenneth cody,"Cody, Kenneth J.",OTHER,0,1739
NM,01,Deb,Haaland,deb haaland,"Haaland, Deb",D,1,186953
NM,01,Michelle Garcia,Holmes,michelle holmes,"Holmes, Michelle Garcia",R,0,134337
NM,02,Yvette,Herrell,yvette herrell,"Herrell, Yvette",R,0,142283
NM,02,Xochitl Torres,Small,xochitl small,"Small, Xochitl Torres",D,1,122546
NM,02,Steve,Jones,steve jones,"Jones, Steve",OTHER,0,117
NM,03,Teresa Leger,Fernandez,teresa fernandez,"Fernandez, Teresa Leger",D,0,186282
NM,03,Alexis M.,Johnson,alexis johnson,"Johnson, Alexis M.",R,0,131166
NY,01,Lee M.,Zeldin,lee zeldin,"Zeldin, Lee M.",R,1,180855
NY,01,Lee M.,Zeldin,lee zeldin,"Zeldin, Lee M.",OTHER,1,21611
NY,01,Lee M.,Zeldin,lee zeldin,"Zeldin, Lee M.",OTHER,1,3249
NY,01,Nancy S.,Goroff,nancy goroff,"Goroff, Nancy S.",D,0,160978
NY,01,Nancy S.,Goroff,nancy goroff,"Goroff, Nancy S.  #",OTHER,0,8316
NY,02,Andrew R.,Garbarino,andrew garbarino,"Garbarino, Andrew R.",R,0,158151
NY,02,Andrew R.,Garbarino,andrew garbarino,"Garbarino, Andrew R.",OTHER,0,17434
NY,02,Andrew R.,Garbarino,andrew garbarino,"Garbarino, Andrew R.",OTHER,0,1491
NY,02,Andrew R.,Garbarino,andrew garbarino,"Garbarino, Andrew R.",OTHER,0,303
NY,02,Jackie,Gordon,jackie gordon,"Gordon, Jackie",D,0,144849
NY,02,Jackie,Gordon,jackie gordon,"Gordon, Jackie",OTHER,0,6380
NY,02,Jackie,Gordon,jackie gordon,"Gordon, Jackie",OTHER,0,3017
NY,02,Harry R.,Burger,harry burger,"Burger, Harry R.",OTHER,0,3448
NY,03,Thomas R.,Suozzi,thomas suozzi,"Suozzi, Thomas R.",D,1,196056
NY,03,Thomas R.,Suozzi,thomas suozzi,"Suozzi, Thomas R.  #",OTHER,1,9203
NY,03,Thomas R.,Suozzi,thomas suozzi,"Suozzi, Thomas R.",OTHER,1,3296
NY,03,George A.D.,Santos,george santos,"Santos, George A.D.",R,0,147461
NY,03,George A.D.,Santos,george santos,"Santos, George A.D.",OTHER,0,14470
NY,03,Howard,Rabin,howard rabin,"Rabin, Howard",OTHER,0,2156
NY,04,Kathleen M.,Rice,kathleen rice,"Rice, Kathleen M.",D,1,199762
NY,04,Douglas L.,Tuman,douglas tuman,"Tuman, Douglas L.",R,0,139559
NY,04,Douglas L.,Tuman,douglas tuman,"Tuman, Douglas L.",OTHER,0,13448
NY,04,Joseph R.,Naham,joseph naham,"Naham, Joseph R.",OTHER,0,3024
NY,05,Gregory W.,Meeks,gregory meeks,"Meeks, Gregory W.",D,1,229125
NY,06,Grace,Meng,grace meng,"Meng, Grace",D,1,144149
NY,06,Grace,Meng,grace meng,"Meng, Grace",OTHER,1,14713
NY,06,Thomas J.,Zmich,thomas zmich,"Zmich, Thomas J.",R,0,67735
NY,06,Thomas J.,Zmich,thomas zmich,"Zmich, Thomas J.",OTHER,0,5231
NY,06,Thomas J.,Zmich,thomas zmich,"Zmich, Thomas J.",OTHER,0,1109
NY,06,Thomas J.,Zmich,thomas zmich,"Zmich, Thomas J.",OTHER,0,754
NY,07,Nydia M.,Velazquez,nydia velazquez,"Velazquez, Nydia M.",D,1,156889
NY,07,Nydia M.,Velazquez,nydia velazquez,"Velazquez, Nydia M.",OTHER,1,34184
NY,07,Brian W.,Kelly,brian kelly,"Kelly, Brian W.",R,0,29404
NY,07,Brian W.,Kelly,brian kelly,"Kelly, Brian W.",OTHER,0,3116
NY,07,Gilbert,Midonnet,gilbert midonnet,"Midonnet, Gilbert",OTHER,0,1522
NY,08,Hakeem S.,Jeffries,hakeem jeffries,"Jeffries, Hakeem S.",D,1,207111
NY,08,Hakeem S.,Jeffries,hakeem jeffries,"Jeffries, Hakeem S.",OTHER,1,27822
NY,08,Garfield H.,Wallace,garfield wallace,"Wallace, Garfield H.",R,0,39124
NY,08,Garfield H.,Wallace,garfield wallace,"Wallace, Garfield H.",OTHER,0,2883
NY,09,Yvette D.,Clarke,yvette clarke,"Clarke, Yvette D.",D,1,195758
NY,09,Yvette D.,Clarke,yvette clarke,"Clarke, Yvette D.  #",OTHER,1,34463
NY,09,Constantine,Jean-Pierre,constantine jean-pierre,"Jean-Pierre, Constantine",R,0,40110
NY,09,Constantine,Jean-Pierre,constantine jean-pierre,"Jean-Pierre, Constantine",OTHER,0,3840
NY,09,Gary,Popkin,gary popkin,"Popkin, Gary",OTHER,0,1644
NY,09,Joel B.,Anabilah-Azumah,joel anabilah-azumah,"Anabilah-Azumah, Joel B.",OTHER,0,1052
NY,10,Jerrold L.,Nadler,jerrold nadler,"Nadler, Jerrold L.",D,1,181215
NY,10,Jerrold L.,Nadler,jerrold nadler,"Nadler, Jerrold L.",OTHER,1,25095
NY,10,Cathy A.,Bernstein,cathy bernstein,"Bernstein, Cathy A.",R,0,61045
NY,10,Cathy A.,Bernstein,cathy bernstein,"Bernstein, Cathy A.",OTHER,0,5844
NY,10,Michael,Madrid,michael madrid,"Madrid, Michael",OTHER,0,3370
NY,11,Nicole,Malliotakis,nicole malliotakis,"Malliotakis, Nicole",R,0,143420
NY,11,Nicole,Malliotakis,nicole malliotakis,"Malliotakis, Nicole",OTHER,0,12188
NY,11,Max N.,Rose,max rose,"Rose, Max N.",D,1,134625
NY,11,Max N.,Rose,max rose,"Rose, Max N.",OTHER,1,2573
NY,12,Carolyn B.,Maloney,carolyn maloney,"Maloney, Carolyn B.",D,1,265172
NY,12,Carlos,Santiago-Cano,carlos santiago-cano,"Santiago-Cano, Carlos",R,0,49157
NY,12,Carlos,Santiago-Cano,carlos santiago-cano,"Santiago-Cano, Carlos",OTHER,0,3904
NY,12,Steven,Kolln,steven kolln,"Kolln, Steven",OTHER,0,4015
NY,13,Adriano,Espaillat,adriano espaillat,"Espaillat, Adriano",D,1,202916
NY,13,Adriano,Espaillat,adriano espaillat,"Espaillat, Adriano",OTHER,1,28925
NY,13,Lovelynn,Gwinn,lovelynn gwinn,"Gwinn, Lovelynn",R,0,19829
NY,13,Christopher,Morris-Perry,christopher morris-perry,"Morris-Perry, Christopher",OTHER,0,3295
NY,14,Alexandria,Ocasio-Cortez,alexandria ocasio-cortez,"Ocasio-Cortez, Alexandria",D,1,152661
NY,14,John C.,Cummings,john cummings,"Cummings, John C.",R,0,52447
NY,14,John C.,Cummings,john cummings,"Cummings, John C.",OTHER,0,5963
NY,14,Michelle,Caruso-Cabrera,michelle caruso-cabrera,"Caruso-Cabrera, Michelle",OTHER,0,2000
NY,15,Ritchie,Torres,ritchie torres,"Torres, Ritchie",D,0,169533
NY,15,Patrick,Delices,patrick delices,"Delices, Patrick #",R,0,18984
NY,15,Patrick,Delices,patrick delices,"Delices, Patrick",OTHER,0,2237
NY,16,Jamaal,Bowman,jamaal bowman,"Bowman, Jamaal",D,0,218514
NY,16,Patrick,McManus,patrick mcmanus,"McManus, Patrick",OTHER,0,41094
NY,17,Mondaire,Jones,mondaire jones,"Jones, Mondaire",D,0,183976
NY,17,Mondaire,Jones,mondaire jones,"Jones, Mondaire",OTHER,0,13378
NY,17,Maureen,McArdle-Schulman,maureen mcardle-schulman,"McArdle-Schulman, Maureen",R,0,117309
NY,17,Yehudis,Gottesfeld,yehudis gottesfeld,"Gottesfeld, Yehudis",OTHER,0,8887
NY,17,Joshua,Eisen,joshua eisen,"Eisen, Joshua",OTHER,0,6363
NY,17,Michael I.,Parietti,michael parietti,"Parietti, Michael I.",OTHER,0,2745
NY,18,Sean Patrick,Maloney,sean maloney,"Maloney, Sean Patrick",D,1,171161
NY,18,Sean Patrick,Maloney,sean maloney,"Maloney, Sean Patrick",OTHER,1,12924
NY,18,Sean Patrick,Maloney,sean maloney,"Maloney, Sean Patrick",OTHER,1,3359
NY,18,Chele C.,Farley,chele farley,"Farley, Chele C.",R,0,128611
NY,18,Chele C.,Farley,chele farley,"Farley, Chele C.",OTHER,0,16534
NY,18,Scott A.,Smith,scott smith,"Smith, Scott A.",OTHER,0,2687
NY,18,Scott A.,Smith,scott smith,"Smith, Scott A.",OTHER,0,477
NY,19,Antonio,Delgado,antonio delgado,"Delgado, Antonio",D,1,168281
NY,19,Antonio,Delgado,antonio delgado,"Delgado, Antonio",OTHER,1,22969
NY,19,Antonio,Delgado,antonio delgado,"Delgado, Antonio",OTHER,1,850
NY,19,Kyle,Van De Water,kyle van de water,"Van De Water, Kyle",R,0,151475
NY,19,Victoria N.,Alexander,victoria alexander,"Alexander, Victoria N.",OTHER,0,4224
NY,19,Steven,Greenfield,steven greenfield,"Greenfield, Steven",OTHER,0,2799
NY,20,Paul D.,Tonko,paul tonko,"Tonko, Paul D.",D,1,194071
NY,20,Paul D.,Tonko,paul tonko,"Tonko, Paul D.",OTHER,1,19678
NY,20,Paul D.,Tonko,paul tonko,"Tonko, Paul D.",OTHER,1,5956
NY,20,Elizabeth L.,Joy,elizabeth joy,"Joy, Elizabeth L.",R,0,120839
NY,20,Elizabeth L.,Joy,elizabeth joy,"Joy, Elizabeth L.",OTHER,0,17849
NY,20,Elizabeth L.,Joy,elizabeth joy,"Joy, Elizabeth L.",OTHER,0,758
NY,21,Elise M.,Stefanik,elise stefanik,"Stefanik, Elise M.",R,1,169684
NY,21,Elise M.,Stefanik,elise stefanik,"Stefanik, Elise M.",OTHER,1,15044
NY,21,Elise M.,Stefanik,elise stefanik,"Stefanik, Elise M.",OTHER,1,3927
NY,21,Tedra L.,Cobb,tedra cobb,"Cobb, Tedra L.",D,0,122422
NY,21,Tedra L.,Cobb,tedra cobb,"Cobb, Tedra L.",OTHER,0,9573
NY,22,Claudia,Tenney,claudia tenney,"Tenney, Claudia  #",R,0,143291
NY,22,Claudia,Tenney,claudia tenney,"Tenney, Claudia",OTHER,0,12807
NY,22,Anthony J.,Brindisi,anthony brindisi,"Brindisi, Anthony J.",D,1,138898
NY,22,Anthony J.,Brindisi,anthony brindisi,"Brindisi, Anthony J.",OTHER,1,11188
NY,22,Anthony J.,Brindisi,anthony brindisi,"Brindisi, Anthony J.",OTHER,1,5903
NY,22,"Keith D., Jr.",Price,keith price,"Price, Keith D., Jr.",OTHER,0,6780
NY,23,Tom,Reed,tom reed,"Reed, Tom",R,1,161800
NY,23,Tom,Reed,tom reed,"Reed, Tom",OTHER,1,15512
NY,23,Tom,Reed,tom reed,"Reed, Tom",OTHER,1,3709
NY,23,Tracy,Mitrano,tracy mitrano,"Mitrano, Tracy",D,0,116025
NY,23,Tracy,Mitrano,tracy mitrano,"Mitrano, Tracy",OTHER,0,12951
NY,23,Andrew M.,Kolstee,andrew kolstee,"Kolstee, Andrew M.",OTHER,0,3650
NY,24,John M.,Katko,john katko,"Katko, John M.",R,1,156236
NY,24,John M.,Katko,john katko,"Katko, John M.",OTHER,1,21086
NY,24,John M.,Katko,john katko,"Katko, John M.",OTHER,1,5487
NY,24,Dana,Balter,dana balter,"Balter, Dana",D,0,147877
NY,24,Steven,Williams,steven williams,"Williams, Steven",OTHER,0,13264
NY,25,Joseph D.,Morelle,joseph morelle,"Morelle, Joseph D.",D,1,187503
NY,25,Joseph D.,Morelle,joseph morelle,"Morelle, Joseph D.",OTHER,1,14584
NY,25,Joseph D.,Morelle,joseph morelle,"Morelle, Joseph D.",OTHER,1,4309
NY,25,George,Mitris,george mitris,"Mitris, George #",R,0,115940
NY,25,George,Mitris,george mitris,"Mitris, George",OTHER,0,20258
NY,25,Kevin A.,Wilson,kevin wilson,"Wilson, Kevin A.",OTHER,0,5325
NY,26,Brian,Higgins,brian higgins,"Higgins, Brian",D,1,202400
NY,26,Brian,Higgins,brian higgins,"Higgins, Brian",OTHER,1,20309
NY,26,Brian,Higgins,brian higgins,"Higgins, Brian",OTHER,1,657
NY,26,"Ricky T., Sr.",Donovan,ricky donovan,"Donovan, Ricky T., Sr.",R,0,91706
NY,26,Michael P.,Raleigh,michael raleigh,"Raleigh, Michael P.",OTHER,0,4631
NY,27,Chris,Jacobs,chris jacobs,"Jacobs, Chris #",R,0,192619
NY,27,Chris,Jacobs,chris jacobs,"Jacobs, Chris #",OTHER,0,31006
NY,27,Chris,Jacobs,chris jacobs,"Jacobs, Chris",OTHER,0,5260
NY,27,Nathan D.,McMurray,nathan mcmurray,"McMurray, Nathan D.",D,0,136686
NY,27,Nathan D.,McMurray,nathan mcmurray,"McMurray, Nathan D.",OTHER,0,12763
NY,27,Duane J.,Whitmer,duane whitmer,"Whitmer, Duane J.",OTHER,0,4877
NC,01,G.K.,Butterfield,g.k. butterfield,"Butterfield, G.K.",D,1,188870
NC,01,Sandy,Smith,sandy smith,"Smith, Sandy",R,0,159748
NC,02,Deborah K.,Ross,deborah ross,"Ross, Deborah K.",D,0,311887
NC,02,Alan D. ,Swain,alan swain,"Swain, Alan D. ",R,0,172544
NC,02,Jeff,Matemu,jeff matemu,"Matemu, Jeff",OTHER,0,10914
NC,03,Greg ,Murphy,greg murphy,"Murphy, Greg ",R,1,229800
NC,03,Daryl ,Farrow,daryl farrow,"Farrow, Daryl ",D,0,132752
NC,04 ,David E. ,Price,david price,"Price, David E. ",D,1,332421
NC,04,Robert ,Thomas,robert thomas,"Thomas, Robert ",R,0,161298
NC,05,Virginia ,Foxx,virginia foxx,"Foxx, Virginia ",R,1,257843
NC,05,David Wilson,Brown,david brown,"Brown, David Wilson",D,0,119846
NC,05,Jeff ,Gregory,jeff gregory,"Gregory, Jeff ",OTHER,0,7555
NC,06,Kathy,Manning,kathy manning,"Manning, Kathy",D,0,253531
NC,06,Lee,Haywood,lee haywood,"Haywood, Lee",R,0,153598
NC,07,David ,Rouzer,david rouzer,"Rouzer, David ",R,1,272443
NC,07,Christopher M. ,Ward,christopher ward,"Ward, Christopher M. ",D,0,179045
NC,07,Theresa (Terri),Everett,theresa everett,"Everett, Theresa (Terri)",OTHER,0,294
NC,08,Richard,Hudson,richard hudson,"Hudson, Richard",R,1,202774
NC,08,Patricia,Timmons-Goodson,patricia timmons-goodson,"Timmons-Goodson, Patricia",D,0,177781
NC,09,Dan,Bishop,dan bishop,"Bishop, Dan",R,1,224661
NC,09,Cynthia L. ,Wallace,cynthia wallace,"Wallace, Cynthia L. ",D,0,179463
NC,10,Patrick ,McHenry,patrick mchenry,"McHenry, Patrick ",R,1,284095
NC,10,David ,Parker,david parker,"Parker, David ",D,0,128189
NC,11,Madison ,Cawthorn,madison cawthorn,"Cawthorn, Madison ",R,0,245351
NC,11,Moe ,Davis,moe davis,"Davis, Moe ",D,0,190609
NC,11,Tracey,DeBruhl,tracey debruhl,"DeBruhl, Tracey",OTHER,0,8682
NC,11,Tamara,Zwinak,tamara zwinak,"Zwinak, Tamara",OTHER,0,5503
NC,12,Alma,Adams,alma adams,"Adams, Alma",D,1,341457
NC,13,Ted,Budd,ted budd,"Budd, Ted",R,1,267181
NC,13,Scott,Huffman,scott huffman,"Huffman, Scott",D,0,124684
ND,00,Kelly,Armstrong,kelly armstrong,"Armstrong, Kelly",R,1,245394
ND,00,Zach,Raknerud,zach raknerud,"Raknerud, Zach",OTHER,0,98089
ND,00,Steven James,Peterson,steven peterson,"Peterson, Steven James",OTHER,0,12013
MP,00,Gregorio Kilili Camacho,Sablan,gregorio sablan,"Sablan, Gregorio Kilili Camacho",OTHER,1,11449
OH,01,Steve,Chabot,steve chabot,"Chabot, Steve",R,1,199560
OH,01,Kate,Schroder,kate schroder,"Schroder, Kate",D,0,172022
OH,01,Kevin David,Kahn,kevin kahn,"Kahn, Kevin David",OTHER,0,13692
OH,01,Kiumars,Kiani,kiumars kiani,"Kiani, Kiumars",OTHER,0,11
OH,02,Brad ,Wenstrup,brad wenstrup,"Wenstrup, Brad ",R,1,230430
OH,02,Jaime M.,Castle,jaime castle,"Castle, Jaime M.",D,0,146781
OH,02,"James J., Jr.",Condit,james condit,"Condit, James J., Jr.",OTHER,0,37
OH,03,Joyce,Beatty,joyce beatty,"Beatty, Joyce",D,1,227420
OH,03,Mark F.,Richardson,mark richardson,"Richardson, Mark F.",R,0,93569
OH,03,Nicholas D.,Moss,nicholas moss,"Moss, Nicholas D.",OTHER,0,92
OH,03,Angela,Davis,angela davis,"Davis, Angela",OTHER,0,11
OH,04,Jim,Jordan,jim jordan,"Jordan, Jim",R,1,235875
OH,04,Shannon M.,Freshour,shannon freshour,"Freshour, Shannon M.",D,0,101897
OH,04,Steve,Perkins,steve perkins,"Perkins, Steve",OTHER,0,9854
OH,05,Bob,Latta,bob latta,"Latta, Bob",R,1,257019
OH,05,Nick,Rubando,nick rubando,"Rubando, Nick",D,0,120962
OH,06,Bill,Johnson,bill johnson,"Johnson, Bill",R,1,249130
OH,06,Shawna,Roberts,shawna roberts,"Roberts, Shawna",D,0,85661
OH,07,Bob,Gibbs,bob gibbs,"Gibbs, Bob",R,1,236607
OH,07,Quentin,Potter,quentin potter,"Potter, Quentin",OTHER,0,102271
OH,07,Brandon,Lape,brandon lape,"Lape, Brandon",OTHER,0,11671
OH,08,Warren,Davidson,warren davidson,"Davidson, Warren",R,1,246277
OH,08,Vanessa,Enoch,vanessa enoch,"Enoch, Vanessa",D,0,110766
OH,08,Isaac,Reed,isaac reed,"Reed, Isaac",OTHER,0,114
OH,09,Marcy,Kaptur,marcy kaptur,"Kaptur, Marcy",D,1,190328
OH,09,Rob,Weber,rob weber,"Weber, Rob",R,0,111385
OH,09,McKenzie,Levindofske,mckenzie levindofske,"Levindofske, McKenzie",OTHER,0,39
OH,10,Mike,Turner,mike turner,"Turner, Mike",R,1,212972
OH,10,Desiree,Tims,desiree tims,"Tims, Desiree",D,0,151976
OH,11,Marcia L.,Fudge,marcia fudge,"Fudge, Marcia L.",D,1,242098
OH,11,Laverne,Gore,laverne gore,"Gore, Laverne",R,0,60323
OH,12,Troy,Balderson,troy balderson,"Balderson, Troy",R,1,241790
OH,12,Alaina,Shearer,alaina shearer,"Shearer, Alaina",D,0,182847
OH,12,John S.,Stewart,john stewart,"Stewart, John S.",OTHER,0,13035
OH,13,Tim,Ryan,tim ryan,"Ryan, Tim",D,1,173631
OH,13,Christina M.,Hagan,christina hagan,"Hagan, Christina M.",R,0,148648
OH,13,Michael,Fricke,michael fricke,"Fricke, Michael",OTHER,0,8522
OH,14,David P.,Joyce,david joyce,"Joyce, David P.",R,1,233864
OH,14,Hillary O'Connor,Mueri,hillary mueri,"Mueri, Hillary O'Connor",D,0,158586
OH,15,Steve,Stivers,steve stivers,"Stivers, Steve",R,1,243103
OH,15,Joel,Newby,joel newby,"Newby, Joel",D,0,140183
OH,15,Shane,Hoffman,shane hoffman,"Hoffman, Shane",OTHER,0,75
OH,16,Anthony,Gonzalez,anthony gonzalez,"Gonzalez, Anthony",R,1,247335
OH,16,Aaron Paul,Godfrey,aaron godfrey,"Godfrey, Aaron Paul",D,0,144071
OK,01,Kevin,Hern,kevin hern,"Hern, Kevin",R,1,213700
OK,01,Kojo,Asamoa-Caesar,kojo asamoa-caesar,"Asamoa-Caesar, Kojo",D,0,109641
OK,01,Evelyn L.,Rogers,evelyn rogers,"Rogers, Evelyn L.",OTHER,0,12130
OK,02,Markwayne ,Mullin,markwayne mullin,"Mullin, Markwayne ",R,1,216511
OK,02,Danyell,Lanier,danyell lanier,"Lanier, Danyell",D,0,63472
OK,02,Richie,Castaldo,richie castaldo,"Castaldo, Richie",OTHER,0,8544
OK,03,Frank D.,Lucas,frank lucas,"Lucas, Frank D.",R,1,242677
OK,03,Zoe,Midyett,zoe midyett,"Midyett, Zoe",D,0,66501
OK,04,Tom,Cole,tom cole,"Cole, Tom",R,1,213096
OK,04,Mary,Brannon,mary brannon,"Brannon, Mary",D,0,90459
OK,04,Bob,White,bob white,"White, Bob",OTHER,0,10803
OK,05,Stephanie ,Bice,stephanie bice,"Bice, Stephanie ",R,0,158191
OK,05,Kendra S.,Horn,kendra horn,"Horn, Kendra S.",D,1,145658
OR,01,Suzanne,Bonamici,suzanne bonamici,"Bonamici, Suzanne",OTHER,1,297071
OR,01,Christopher C.,Christensen,christopher christensen,"Christensen, Christopher C.",R,0,161928
OR,02,Cliff ,Bentz,cliff bentz,"Bentz, Cliff ",R,0,273835
OR,02,Alex,Spenser,alex spenser,"Spenser, Alex",D,0,168881
OR,02,Robert,Werch,robert werch,"Werch, Robert",OTHER,0,14094
OR,03,Earl,Blumenauer,earl blumenauer,"Blumenauer, Earl",OTHER,1,343574
OR,03,Joanna,Harbour,joanna harbour,"Harbour, Joanna",R,0,110570
OR,03,Alex C.,DiBlasi,alex diblasi,"DiBlasi, Alex C.",OTHER,0,8872
OR,03,Josh,Solomon,josh solomon,"Solomon, Josh",OTHER,0,6869
OR,04,Peter,DeFazio,peter defazio,"DeFazio, Peter",OTHER,1,240950
OR,04,Alek,Skarlatos,alek skarlatos,"Skarlatos, Alek",R,0,216081
OR,04,Daniel,Hoffay,daniel hoffay,"Hoffay, Daniel",OTHER,0,10118
OR,05,Kurt,Schrader,kurt schrader,"Schrader, Kurt",D,1,234863
OR,05,Amy Ryan,Courser,amy courser,"Courser, Amy Ryan",R,0,204372
OR,05,Matthew James,Rix,matthew rix,"Rix, Matthew James",OTHER,0,12640
PA,01,Brian,Fitzpatrick,brian fitzpatrick,"Fitzpatrick, Brian",R,1,249804
PA,01,Christina M.,Finello,christina finello,"Finello, Christina M.",D,0,191875
PA,02,Brendan F.,Boyle,brendan boyle,"Boyle, Brendan F.",D,1,198140
PA,02,David,Torres,david torres,"Torres, David",R,0,75022
PA,03,Dwight,Evans,dwight evans,"Evans, Dwight",D,1,341708
PA,03,Michael,Harvey,michael harvey,"Harvey, Michael",R,0,33671
PA,04,Madeleine,Dean,madeleine dean,"Dean, Madeleine",D,1,264637
PA,04,Kathy,Barnette,kathy barnette,"Barnette, Kathy",R,0,179926
PA,05,Mary Gay,Scanlon,mary scanlon,"Scanlon, Mary Gay",D,1,255743
PA,05,Dasha,Pruett,dasha pruett,"Pruett, Dasha",R,0,139552
PA,06,Chrissy,Houlahan,chrissy houlahan,"Houlahan, Chrissy",D,1,226440
PA,06,John Willam,Emmons,john emmons,"Emmons, John Willam",R,0,177526
PA,07,Susan,Wild,susan wild,"Wild, Susan",D,1,195475
PA,07,Lisa,Scheller,lisa scheller,"Scheller, Lisa",R,0,181407
PA,08,Matthew Alton,Cartwright,matthew cartwright,"Cartwright, Matthew Alton",D,1,178004
PA,08,Jim,Bognet,jim bognet,"Bognet, Jim",R,0,165783
PA,09,Dan,Meuser,dan meuser,"Meuser, Dan",R,1,232988
PA,09,Gary,Wegman,gary wegman,"Wegman, Gary",D,0,118266
PA,10,Scott,Perry,scott perry,"Perry, Scott",R,1,208896
PA,10,Eugenio,DePasquale,eugenio depasquale,"DePasquale, Eugenio",D,0,182938
PA,11,Lloyd K.,Smucker,lloyd smucker,"Smucker, Lloyd K.",R,1,241915
PA,11,Sarah E.,Hammond,sarah hammond,"Hammond, Sarah E.",D,0,141325
PA,12,Fred,Keller,fred keller,"Keller, Fred",R,1,241035
PA,12,Lee,Griffin,lee griffin,"Griffin, Lee",D,0,99199
PA,13,John ,Joyce,john joyce,"Joyce, John ",R,1,267789
PA,13,Todd,Rowley,todd rowley,"Rowley, Todd",D,0,96612
PA,14,Guy,Reschenthaler,guy reschenthaler,"Reschenthaler, Guy",R,1,241688
PA,14,Bill,Marx,bill marx,"Marx, Bill",D,0,131895
PA,15,Glenn GT,Thompson,glenn thompson,"Thompson, Glenn GT",R,1,255058
PA,15,Robert,Williams,robert williams,"Williams, Robert",D,0,92156
PA,16,Mike,Kelly,mike kelly,"Kelly, Mike",R,1,210088
PA,16,Kristy,Gnibus,kristy gnibus,"Gnibus, Kristy",D,0,143962
PA,17,Conor,Lamb,conor lamb,"Lamb, Conor",D,1,222253
PA,17,Sean,Parnell,sean parnell,"Parnell, Sean",R,0,212284
PA,18,Mike,Doyle,mike doyle,"Doyle, Mike",D,1,266084
PA,18,Luke Edison,Negron,luke negron,"Negron, Luke Edison",R,0,118163
PR,00,Jenniffer,González Colon,jenniffer gonzález colon,"González Colon, Jenniffer",OTHER,1,512697
PR,00,Anibal,Acevedo Vilá,anibal acevedo vilá,"Acevedo Vilá, Anibal",OTHER,0,400412
PR,00,Zayira,Jordán Conde,zayira jordán conde,"Jordán Conde, Zayira",OTHER,0,157679
PR,00,Ada Norah,Henriquez,ada henriquez,"Henriquez, Ada Norah",OTHER,0,95873
PR,00,Luis Roberto,Piñero,luis piñero,"Piñero, Luis Roberto",OTHER,0,78503
RI,01,David N.,Cicilline,david cicilline,"Cicilline, David N.",D,1,158550
RI,01,Frederick,Wysocki,frederick wysocki,"Wysocki, Frederick",OTHER,0,35457
RI,01,Jeffrey Edward,Lemire,jeffrey lemire,"Lemire, Jeffrey Edward",OTHER,0,28300
RI,02,James R.,Langevin,james langevin,"Langevin, James R.",D,1,154086
RI,02,Robert B.,Lancia,robert lancia,"Lancia, Robert B.",R,0,109894
SC,01,Nancy,Mace,nancy mace,"Mace, Nancy",R,0,216042
SC,01,Joe,Cunningham,joe cunningham,"Cunningham, Joe",D,1,210627
SC,02,Joe,Wilson,joe wilson,"Wilson, Joe",R,1,202715
SC,02,Adair Ford,Boroughs,adair boroughs,"Boroughs, Adair Ford",D,0,155118
SC,02,Kathleen K.,Wright,kathleen wright,"Wright, Kathleen K.",OTHER,0,6163
SC,03,Jeff,Duncan,jeff duncan,"Duncan, Jeff",R,1,237544
SC,03,Hosea,Cleveland,hosea cleveland,"Cleveland, Hosea",D,0,95712
SC,04,William,Timmons,william timmons,"Timmons, William",R,1,222126
SC,04,Kim,Nelson,kim nelson,"Nelson, Kim",D,0,133023
SC,04,Michael,Chandler,michael chandler,"Chandler, Michael",OTHER,0,5090
SC,05,Ralph ,Norman,ralph norman,"Norman, Ralph ",R,1,220006
SC,05,Moe ,Brown,moe brown,"Brown, Moe ",D,0,145979
SC,06,James E. (Jim),Clyburn,james clyburn,"Clyburn, James E. (Jim)",D,1,197477
SC,06,John,McCollum,john mccollum,"McCollum, John",R,0,89258
SC,06,Mark ,Hackett,mark hackett,"Hackett, Mark ",OTHER,0,2646
SC,07,Tom ,Rice,tom rice,"Rice, Tom ",R,1,224993
SC,07,Melissa Ward,Watson,melissa watson,"Watson, Melissa Ward",D,0,138863
SD,00,Dusty,Johnson,dusty johnson,"Johnson, Dusty",R,1,321984
TN,01,Diana,Harshbarger,diana harshbarger,"Harshbarger, Diana",R,0,228181
TN,01,Blair,Walsingham,blair walsingham,"Walsingham, Blair",D,0,68617
TN,01,Steve,Holder,steve holder,"Holder, Steve",OTHER,0,8621
TN,01,Josh,Berger,josh berger,"Berger, Josh",OTHER,0,4
TN,02,Tim ,Burchett,tim burchett,"Burchett, Tim ",R,1,238907
TN,02,Renee,Hoyos,renee hoyos,"Hoyos, Renee",D,0,109684
TN,02,Matthew L.,Campbell,matthew campbell,"Campbell, Matthew L.",OTHER,0,4592
TN,02,"Ronald, Jr.",Cornell,"ronald, cornell","Cornell, Ronald, Jr.",OTHER,0,7
TN,02,David,Dockery,david dockery,"Dockery, David",OTHER,0,7
TN,03,Chuck,Fleischmann,chuck fleischmann,"Fleischmann, Chuck",R,1,215571
TN,03,Meg,Gorman,meg gorman,"Gorman, Meg",D,0,97687
TN,03,Amber L.,Hysell,amber hysell,"Hysell, Amber L.",OTHER,0,5043
TN,03,Keith Douglas,Sweitzer,keith sweitzer,"Sweitzer, Keith Douglas",OTHER,0,1990
TN,03,Scott D.,James,scott james,"James, Scott D.",OTHER,0,8
TN,04,Scott,DesJarlais,scott desjarlais,"DesJarlais, Scott",R,1,223802
TN,04,Christopher J.,Hale,christopher hale,"Hale, Christopher J.",D,0,111908
TN,05,Jim,Cooper,jim cooper,"Cooper, Jim",D,1,252155
TN,05,Natisha,Brooks,natisha brooks,"Brooks, Natisha",OTHER,0,13
TN,05,Trevor Killian,Murphy,trevor murphy,"Murphy, Trevor Killian",OTHER,0,1
TN,06,John,Rose,john rose,"Rose, John",R,1,257572
TN,06,Christopher Martin,Finley,christopher finley,"Finley, Christopher Martin",D,0,83852
TN,06,Christopher B. ,Monday,christopher monday,"Monday, Christopher B. ",OTHER,0,8154
TN,07,Mark E.,Green,mark green,"Green, Mark E.",R,1,245188
TN,07,Kiran,Sreepada,kiran sreepada,"Sreepada, Kiran",D,0,95839
TN,07,Ronald,Brown,ronald brown,"Brown, Ronald",OTHER,0,7603
TN,07,"Scott Anthony, Jr.",Vieira,scott vieira,"Vieira, Scott Anthony, Jr.",OTHER,0,2005
TN,08,David,Kustoff,david kustoff,"Kustoff, David",R,1,227216
TN,08,Erika Stotts,Pearson,erika pearson,"Pearson, Erika Stotts",D,0,97890
TN,08,James,Hart,james hart,"Hart, James",OTHER,0,3763
TN,08,Jon,Dillard,jon dillard,"Dillard, Jon",OTHER,0,2984
TN,09,Steve,Cohen,steve cohen,"Cohen, Steve",D,1,187905
TN,09,Charlotte,Bergmann,charlotte bergmann,"Bergmann, Charlotte",R,0,48818
TN,09,Dennis,Clark,dennis clark,"Clark, Dennis",OTHER,0,3962
TN,09,Bobby,Lyons,bobby lyons,"Lyons, Bobby",OTHER,0,2192
TN,09,Charles,Shappley,charles shappley,"Shappley, Charles",OTHER,0,3
TX,01,Louie ,Gohmert,louie gohmert,"Gohmert, Louie ",R,1,219726
TX,01,Hank ,Gilbert,hank gilbert,"Gilbert, Hank ",D,0,83016
TX,02,Dan ,Crenshaw,dan crenshaw,"Crenshaw, Dan ",R,1,192828
TX,02,Sima ,Ladjevardian,sima ladjevardian,"Ladjevardian, Sima ",D,0,148374
TX,02,Elliott Robert,Scheirman,elliott scheirman,"Scheirman, Elliott Robert",OTHER,0,5524
TX,03,Van,Taylor,van taylor,"Taylor, Van",R,1,230512
TX,03,Lulu ,Seikaly,lulu seikaly,"Seikaly, Lulu ",D,0,179458
TX,03,Christopher J.,Claytor,christopher claytor,"Claytor, Christopher J.",OTHER,0,8621
TX,04,Pat,Fallon,pat fallon,"Fallon, Pat #",R,0,253837
TX,04,Russell ,Foster,russell foster,"Foster, Russell ",D,0,76326
TX,04,Lou,Antonelli,lou antonelli,"Antonelli, Lou",OTHER,0,6334
TX,04,Tracy,Jones,tracy jones,"Jones, Tracy",OTHER,0,1306
TX,05,Lance,Gooden,lance gooden,"Gooden, Lance",R,1,173836
TX,05,Carolyn ,Salter,carolyn salter,"Salter, Carolyn ",D,0,100743
TX,05,Kevin A.,Hale,kevin hale,"Hale, Kevin A.",OTHER,0,5834
TX,06,Ron ,Wright,ron wright,"Wright, Ron ",R,1,179507
TX,06,Stephen ,Daniel,stephen daniel,"Daniel, Stephen ",D,0,149530
TX,06,Melanie A.,Black,melanie black,"Black, Melanie A.",OTHER,0,10955
TX,07,Lizzie ,Fletcher,lizzie fletcher,"Fletcher, Lizzie ",D,1,159529
TX,07,Wesley ,Hunt,wesley hunt,"Hunt, Wesley ",R,0,149054
TX,07,Shawn,Kelly,shawn kelly,"Kelly, Shawn",OTHER,0,5542
TX,08,Kevin ,Brady,kevin brady,"Brady, Kevin ",R,1,277327
TX,08,Elizabeth ,Hernandez,elizabeth hernandez,"Hernandez, Elizabeth ",D,0,97409
TX,08,Chris,Duncan,chris duncan,"Duncan, Chris",OTHER,0,7735
TX,09,Al ,Green,al green,"Green, Al ",D,1,172938
TX,09,Johnny,Teague,johnny teague,"Teague, Johnny",R,0,49575
TX,09,Jose R.,Sosa,jose sosa,"Sosa, Jose R.",OTHER,0,6594
TX,10,Michael ,McCaul,michael mccaul,"McCaul, Michael ",R,1,217216
TX,10,Mike ,Siegel,mike siegel,"Siegel, Mike ",D,0,187686
TX,10,Roy,Eriksen,roy eriksen,"Eriksen, Roy",OTHER,0,8992
TX,11,August ,Pfluger,august pfluger,"Pfluger, August ",R,0,232568
TX,11,Jon Mark ,Hogg,jon hogg,"Hogg, Jon Mark ",D,0,53394
TX,11,Wacey Alpha,Cody,wacey cody,"Cody, Wacey Alpha",OTHER,0,5811
TX,12,Kay ,Granger,kay granger,"Granger, Kay ",R,1,233853
TX,12,Lisa ,Welch,lisa welch,"Welch, Lisa ",D,0,121250
TX,12,Trey,Holcomb,trey holcomb,"Holcomb, Trey",OTHER,0,11918
TX,13,Ronny ,Jackson,ronny jackson,"Jackson, Ronny ",R,0,217124
TX,13,Gus ,Trujillo,gus trujillo,"Trujillo, Gus ",D,0,50477
TX,13,Jack B.,Westbrook,jack westbrook,"Westbrook, Jack B.",OTHER,0,5907
TX,14,Randy ,Weber,randy weber,"Weber, Randy ",R,1,190541
TX,14,Adrienne,Bell,adrienne bell,"Bell, Adrienne",D,0,118574
TX,15,Vicente,Gonzalez,vicente gonzalez,"Gonzalez, Vicente",D,1,115605
TX,15,Monica ,De La Cruz-Hernandez,monica de la cruz-hernandez,"De La Cruz-Hernandez, Monica ",R,0,109017
TX,15,Ross Lynn,Leone,ross leone,"Leone, Ross Lynn",OTHER,0,4295
TX,16,Veronica,Escobar,veronica escobar,"Escobar, Veronica",D,1,154108
TX,16,Irene ,Armendariz-Jackson,irene armendariz-jackson,"Armendariz-Jackson, Irene ",R,0,84006
TX,17,Pete,Sessions,pete sessions,"Sessions, Pete",R,0,171390
TX,17,Rick,Kennedy,rick kennedy,"Kennedy, Rick",D,0,125565
TX,17,Ted,Brown,ted brown,"Brown, Ted",OTHER,0,9918
TX,18,Sheila,Jackson Lee,sheila jackson lee,"Jackson Lee, Sheila",D,1,180952
TX,18,Wendell ,Champion,wendell champion,"Champion, Wendell ",R,0,58033
TX,18,Luke,Spencer,luke spencer,"Spencer, Luke",OTHER,0,4514
TX,18,Vince,Duncan,vince duncan,"Duncan, Vince",OTHER,0,3396
TX,19,Jodey C. ,Arrington,jodey arrington,"Arrington, Jodey C. ",R,1,198198
TX,19,Tom,Watson,tom watson,"Watson, Tom",D,0,60583
TX,19,Joe,Burnes,joe burnes,"Burnes, Joe",OTHER,0,6271
TX,20,Joaquin ,Castro,joaquin castro,"Castro, Joaquin ",D,1,175078
TX,20,Mauro,Garza,mauro garza,"Garza, Mauro",R,0,89628
TX,20,Jeffrey,Blunt,jeffrey blunt,"Blunt, Jeffrey",OTHER,0,6017
TX,21,Chip ,Roy,chip roy,"Roy, Chip ",R,1,235740
TX,21,Wendy R. ,Davis,wendy davis,"Davis, Wendy R. ",D,0,205780
TX,21,Arthur,DiBianca,arthur dibianca,"DiBianca, Arthur",OTHER,0,8666
TX,21,Tommy,Wakely,tommy wakely,"Wakely, Tommy",OTHER,0,3564
TX,22,Troy ,Nehls,troy nehls,"Nehls, Troy ",R,0,210259
TX,22,Sri Preston ,Kulkarni,sri kulkarni,"Kulkarni, Sri Preston ",D,0,181998
TX,22,"Joseph, Jr.",LeBlanc,"joseph, leblanc","LeBlanc, Joseph, Jr.",OTHER,0,15791
TX,23,Tony,Gonzales,tony gonzales,"Gonzales, Tony",R,0,149395
TX,23,Gina Ortiz ,Jones,gina jones,"Jones, Gina Ortiz ",D,0,137693
TX,23,Beto,Villela,beto villela,"Villela, Beto",OTHER,0,8369
TX,24,Beth ,Van Duyne,beth van duyne,"Van Duyne, Beth ",R,0,167910
TX,24,Candace ,Valenzuela,candace valenzuela,"Valenzuela, Candace ",D,0,163326
TX,24,Darren,Hamilton,darren hamilton,"Hamilton, Darren",OTHER,0,5647
TX,24,Steve,Kuzmich,steve kuzmich,"Kuzmich, Steve",OTHER,0,4229
TX,24,Mark,Bauer,mark bauer,"Bauer, Mark",OTHER,0,2909
TX,25,Roger,Williams,roger williams,"Williams, Roger",R,1,220088
TX,25,Julie,Oliver,julie oliver,"Oliver, Julie",D,0,165697
TX,25,Bill,Kelsey,bill kelsey,"Kelsey, Bill",OTHER,0,7738
TX,26,Michael C.,Burgess,michael burgess,"Burgess, Michael C.",R,1,261963
TX,26,Carol H. ,Iannuzzi,carol iannuzzi,"Iannuzzi, Carol H. ",D,0,161009
TX,26,Mark,Boler,mark boler,"Boler, Mark",OTHER,0,9243
TX,27,Michael,Cloud,michael cloud,"Cloud, Michael",R,1,172305
TX,27,"Ricardo ""Rick"" ",De La Fuente,ricardo de la fuente,"De La Fuente, Ricardo ""Rick"" ",D,0,95466
TX,27,Phil,Gray,phil gray,"Gray, Phil",OTHER,0,5482
TX,28,Henry,Cuellar,henry cuellar,"Cuellar, Henry",D,1,137494
TX,28,Sandra,Whitten,sandra whitten,"Whitten, Sandra",R,0,91925
TX,28,Bekah,Congdon,bekah congdon,"Congdon, Bekah",OTHER,0,6425
TX,29,Sylvia,Garcia,sylvia garcia,"Garcia, Sylvia",D,1,111305
TX,29,Jaimy Z. ,Blanco,jaimy blanco,"Blanco, Jaimy Z. ",R,0,42840
TX,29,Phil,Kurtz,phil kurtz,"Kurtz, Phil",OTHER,0,2328
TX,30,Eddie Bernice,Johnson,eddie johnson,"Johnson, Eddie Bernice",D,1,204928
TX,30,Tre,Pennie,tre pennie,"Pennie, Tre",R,0,48685
TX,30,Eric,Williams,eric williams,"Williams, Eric",OTHER,0,10851
TX,31,John ,Carter,john carter,"Carter, John ",R,1,212695
TX,31,Donna ,Imam,donna imam,"Imam, Donna ",D,0,176293
TX,31,Clark,Patterson,clark patterson,"Patterson, Clark",OTHER,0,8922
TX,31,Jonathan,Scott,jonathan scott,"Scott, Jonathan",OTHER,0,147
TX,32,Colin ,Allred,colin allred,"Allred, Colin ",D,1,178542
TX,32,Genevieve ,Collins,genevieve collins,"Collins, Genevieve ",R,0,157867
TX,32,Christy Mowrey,Peterson,christy peterson,"Peterson, Christy Mowrey",OTHER,0,4946
TX,32,Jason,Sigmon,jason sigmon,"Sigmon, Jason",OTHER,0,2332
TX,33,Marc,Veasey,marc veasey,"Veasey, Marc",D,1,105317
TX,33,Fabian Cordova ,Vasquez,fabian vasquez,"Vasquez, Fabian Cordova ",R,0,39638
TX,33,Carlos,Quintanilla,carlos quintanilla,"Quintanilla, Carlos",OTHER,0,8071
TX,33,Jason,Reeves,jason reeves,"Reeves, Jason",OTHER,0,2586
TX,33,Rene,Walton,rene walton,"Walton, Rene",OTHER,0,1994
TX,34,Filemon B. ,Vela,filemon vela,"Vela, Filemon B. ",D,1,111439
TX,34,Rey ,Gonzalez,rey gonzalez,"Gonzalez, Rey ",R,0,84119
TX,34,Anthony,Cristo,anthony cristo,"Cristo, Anthony",OTHER,0,3222
TX,34,Chris B.,Royal,chris royal,"Royal, Chris B.",OTHER,0,2247
TX,35,Lloyd,Doggett,lloyd doggett,"Doggett, Lloyd",D,1,176373
TX,35,Jenny Garcia ,Sharon,jenny sharon,"Sharon, Jenny Garcia ",R,0,80795
TX,35,Mark,Loewe,mark loewe,"Loewe, Mark",OTHER,0,7393
TX,35,"Jason, Sr.",Mata,"jason, mata","Mata, Jason, Sr.",OTHER,0,5236
TX,36,Brian,Babin,brian babin,"Babin, Brian",R,1,222712
TX,36,Rashad ,Lewis,rashad lewis,"Lewis, Rashad ",D,0,73418
TX,36,Chad,Abbey,chad abbey,"Abbey, Chad",OTHER,0,4848
TX,36,"Hal J., Jr.",Ridley,hal ridley,"Ridley, Hal J., Jr.",OTHER,0,1571
UT,01,Blake David,Moore,blake moore,"Moore, Blake David",R,0,237988
UT,01,Darren,Parry,darren parry,"Parry, Darren",D,0,104194
UT,01,Taylor,Lee,taylor lee,"Lee, Taylor",OTHER,0,157
UT,01,Mikal,Smith,mikal smith,"Smith, Mikal",OTHER,0,12
UT,02,Chris,Stewart,chris stewart,"Stewart, Chris",R,1,208997
UT,02,Kael,Weston,kael weston,"Weston, Kael",D,0,129762
UT,02,J. Robert,Latham,j. latham,"Latham, J. Robert",OTHER,0,15465
UT,03,John,Curtis,john curtis,"Curtis, John",R,1,246674
UT,03,Devin D.,Thorpe,devin thorpe,"Thorpe, Devin D.",D,0,96067
UT,03,Daniel Clyde,Cummings,daniel cummings,"Cummings, Daniel Clyde",OTHER,0,8889
UT,03,Thomas G. ,McNeill,thomas mcneill,"McNeill, Thomas G. ",OTHER,0,7040
UT,03,Trey,Robinson,trey robinson,"Robinson, Trey",OTHER,0,250
UT,03,Jeremy Lewis,Friedbaum,jeremy friedbaum,"Friedbaum, Jeremy Lewis",OTHER,0,7
UT,04,Burgess ,Owens,burgess owens,"Owens, Burgess ",R,0,179688
UT,04,Ben,McAdams,ben mcadams,"McAdams, Ben",D,1,175923
UT,04,John,Molnar,john molnar,"Molnar, John",OTHER,0,13053
UT,04,Jonia M ,Broderick,jonia broderick,"Broderick, Jonia M ",OTHER,0,8037
UT,04,Jonathan L.,Peterson,jonathan peterson,"Peterson, Jonathan L.",OTHER,0,29
VT,00,Peter,Welch,peter welch,"Welch, Peter",D,1,238833
VT,00,Miriam,Berry,miriam berry,"Berry, Miriam",R,0,95830
VT,00,Peter R.,Becker,peter becker,"Becker, Peter R.",OTHER,0,8065
VT,00,Marcia,Horne,marcia horne,"Horne, Marcia",OTHER,0,4334
VT,00,Christopher ,Helali,christopher helali,"Helali, Christopher ",OTHER,0,3432
VT,00,Shawn,Orr,shawn orr,"Orr, Shawn",OTHER,0,1926
VT,00,Jerry,Trudell,jerry trudell,"Trudell, Jerry",OTHER,0,1881
VA,01,Robert J.,Wittman,robert wittman,"Wittman, Robert J.",R,1,260614
VA,01,Qasim,Rashid,qasim rashid,"Rashid, Qasim",D,0,186923
VA,02,Elaine G.,Luria,elaine luria,"Luria, Elaine G.",D,1,185733
VA,02,Scott W.,Taylor,scott taylor,"Taylor, Scott W.",R,0,165031
VA,02,David Bruce,Foster,david foster,"Foster, David Bruce",OTHER,0,9170
VA,03,"Robert C. ""Bobby""",Scott,robert scott,"Scott, Robert C. ""Bobby""",D,1,233326
VA,03,"John W., Jr.",Collick,john collick,"Collick, John W., Jr.",R,0,107299
VA,04,A. Donald,McEachin,a. mceachin,"McEachin, A. Donald",D,1,241142
VA,04,"Leon, Sr.",Benjamin,"leon, benjamin","Benjamin, Leon, Sr.",R,0,149625
VA,05,"Robert G. ""Bob""",Good,robert good,"Good, Robert G. ""Bob""",R,0,210988
VA,05,B. Cameron,Webb,b. webb,"Webb, B. Cameron",D,0,190315
VA,06,Ben L.,Cline,ben cline,"Cline, Ben L.",R,1,246606
VA,06,Nicholas A.,Betts,nicholas betts,"Betts, Nicholas A.",D,0,134729
VA,07,Abigail A.,Spanberger,abigail spanberger,"Spanberger, Abigail A.",D,1,230893
VA,07,Nick J.,Freitas,nick freitas,"Freitas, Nick J.",R,0,222623
VA,08,"Donald S., Jr.",Beyer,donald beyer,"Beyer, Donald S., Jr.",D,1,301454
VA,08,Jeff A. ,Jordan,jeff jordan,"Jordan, Jeff A. ",R,0,95365
VA,09,H. Morgan,Griffith,h. griffith,"Griffith, H. Morgan",R,1,271851
VA,10,Jennifer T.,Wexton,jennifer wexton,"Wexton, Jennifer T.",D,1,268734
VA,10,Aliscia N.,Andrews,aliscia andrews,"Andrews, Aliscia N.",R,0,206253
VA,11,"Gerald E. ""Gerry""",Connolly,gerald connolly,"Connolly, Gerald E. ""Gerry""",D,1,280725
VA,11,Manga A.,Anantatmula,manga anantatmula,"Anantatmula, Manga A.",R,0,111380
VI,00,Stacey,Plaskett,stacey plaskett,"Plaskett, Stacey",D,1,13620
VI,00,Shekema M.,George,shekema george,"George, Shekema M.",OTHER,0,1782
WA,01,Suzan,DelBene,suzan delbene,"DelBene, Suzan",D,1,249944
WA,01,"Jeffrey, Sr.",Beeler,"jeffrey, beeler","Beeler, Jeffrey, Sr.",R,0,176407
WA,02,Rick,Larsen,rick larsen,"Larsen, Rick",D,1,255252
WA,02,Timothy S.,Hazelo,timothy hazelo,"Hazelo, Timothy S.",R,0,148384
WA,03,Jaime Herrera,Beutler,jaime beutler,"Beutler, Jaime Herrera",R,1,235579
WA,03,Carolyn,Long,carolyn long,"Long, Carolyn",D,0,181347
WA,04,Dan,Newhouse,dan newhouse,"Newhouse, Dan",R,1,202108
WA,04,Douglas E.,McKinley,douglas mckinley,"McKinley, Douglas E.",D,0,102667
WA,05,Cathy McMorris,Rodgers,cathy rodgers,"Rodgers, Cathy McMorris",R,1,247815
WA,05,Dave,Wilson,dave wilson,"Wilson, Dave",D,0,155737
WA,06,Derek,Kilmer,derek kilmer,"Kilmer, Derek",D,1,247429
WA,06,Elizabeth,Kreiselmaier,elizabeth kreiselmaier,"Kreiselmaier, Elizabeth",R,0,168783
WA,07,Pramila,Jayapal,pramila jayapal,"Jayapal, Pramila",D,1,387109
WA,07,Craig,Keller,craig keller,"Keller, Craig",R,0,78240
WA,08,Kim,Schrier,kim schrier,"Schrier, Kim",D,1,213123
WA,08,Jesse,Jensen,jesse jensen,"Jensen, Jesse",R,0,198423
WA,09,Adam,Smith,adam smith,"Smith, Adam",D,1,258771
WA,09,Doug,Basler,doug basler,"Basler, Doug",R,0,89697
WA,10,Marilyn,Strickland,marilyn strickland,"Strickland, Marilyn",D,0,167937
WA,10,Beth,Doglio,beth doglio,"Doglio, Beth",D,0,121040
WV,01,David B.,McKinley,david mckinley,"McKinley, David B.",R,1,180488
WV,01,Natalie ,Cline,natalie cline,"Cline, Natalie ",D,0,81177
WV,02,Alex X.,Mooney,alex mooney,"Mooney, Alex X.",R,1,172195
WV,02,Cathy ,Kunkel,cathy kunkel,"Kunkel, Cathy ",D,0,100799
WV,03,Carol,Miller,carol miller,"Miller, Carol",R,1,161585
WV,03,Hilary ,Turner,hilary turner,"Turner, Hilary ",D,0,64927
WI,01,Bryan,Steil,bryan steil,"Steil, Bryan",R,1,238271
WI,01,Roger,Polack,roger polack,"Polack, Roger",D,0,163170
WI,02,Mark,Pocan,mark pocan,"Pocan, Mark",D,1,318523
WI,02,Peter,Theron,peter theron,"Theron, Peter",R,0,138306
WI,03,Ron,Kind,ron kind,"Kind, Ron",D,1,199870
WI,03,Derrick ,Van Orden,derrick van orden,"Van Orden, Derrick ",R,0,189524
WI,04,Gwen S.,Moore,gwen moore,"Moore, Gwen S.",D,1,232668
WI,04,Tim,Rogers,tim rogers,"Rogers, Tim",R,0,70769
WI,04,Robert R.,Raymond,robert raymond,"Raymond, Robert R.",OTHER,0,7911
WI,05,Scott,Fitzgerald,scott fitzgerald,"Fitzgerald, Scott",R,0,265434
WI,05,Tom,Palzewicz,tom palzewicz,"Palzewicz, Tom",D,0,175902
WI,06,Glenn,Grothman,glenn grothman,"Grothman, Glenn",R,1,238874
WI,06,Jessica J.,King,jessica king,"King, Jessica J.",D,0,164239
WI,07,Tom,Tiffany,tom tiffany,"Tiffany, Tom",R,1,252048
WI,07,Tricia,Zunker,tricia zunker,"Zunker, Tricia",D,0,162741
WI,08,Mike,Gallagher,mike gallagher,"Gallagher, Mike",R,1,268173
WI,08,Amanda,Stuck,amanda stuck,"Stuck, Amanda",D,0,149558
WY,00,Liz,Cheney,liz cheney,"Cheney, Liz",R,1,185732
WY,00,Lynnette,Grey Bull,lynnette grey bull,"Grey Bull, Lynnette",D,0,66576
WY,00,Richard,Brubaker,richard brubaker,"Brubaker, Richard",OTHER,0,10154
WY,00,Jeff,Haggit,jeff haggit,"Haggit, Jeff",OTHER,0,7905
